País / Country,Provincia / State,Localidad
Afghanistan,Badakhshan,
Afghanistan,Badghis,
Afghanistan,Baghlan,
Afghanistan,Balkh,
Afghanistan,Bamyan,
Afghanistan,Daykundi,
Afghanistan,Farah,
Afghanistan,Faryab,
Afghanistan,Ghazni,
Afghanistan,Ghōr,
Afghanistan,Helmand,
Afghanistan,Herat,
Afghanistan,Jowzjan,
Afghanistan,Kabul,
Afghanistan,Kandahar,
Afghanistan,Kapisa,
Afghanistan,Khost,
Afghanistan,Kunar,
Afghanistan,Kunduz Province,
Afghanistan,Laghman,
Afghanistan,Logar,
Afghanistan,Nangarhar,
Afghanistan,Nimruz,
Afghanistan,Nuristan,
Afghanistan,Paktia,
Afghanistan,Paktika,
Afghanistan,Panjshir,
Afghanistan,Parwan,
Afghanistan,Samangan,
Afghanistan,Sar-e Pol,
Afghanistan,Takhar,
Afghanistan,Urozgan,
Afghanistan,Zabul,
Aland Islands,Brändö,
Aland Islands,Eckerö,
Aland Islands,Finström,
Aland Islands,Föglö,
Aland Islands,Geta,
Aland Islands,Hammarland,
Aland Islands,Jomala,
Aland Islands,Kökar,
Aland Islands,Kumlinge,
Aland Islands,Lemland,
Aland Islands,Lumparland,
Aland Islands,Mariehamn,
Aland Islands,Saltvik,
Aland Islands,Sottunga,
Aland Islands,Sund,
Aland Islands,Vårdö,
Albania,Berat,
Albania,Berat,
Albania,Bulqizë,
Albania,Delvinë,
Albania,Devoll,
Albania,Dibër,
Albania,Dibër,
Albania,Durrës,
Albania,Durrës,
Albania,Elbasan,
Albania,Fier,
Albania,Fier,
Albania,Gjirokastër,
Albania,Gjirokastër,
Albania,Gramsh,
Albania,Has,
Albania,Kavajë,
Albania,Kolonjë,
Albania,Korçë,
Albania,Korçë,
Albania,Krujë,
Albania,Kuçovë,
Albania,Kukës,
Albania,Kukës,
Albania,Kurbin,
Albania,Lezhë,
Albania,Lezhë,
Albania,Librazhd,
Albania,Lushnjë,
Albania,Malësi e Madhe,
Albania,Mallakastër,
Albania,Mat,
Albania,Mirditë,
Albania,Peqin,
Albania,Përmet,
Albania,Pogradec,
Albania,Pukë,
Albania,Sarandë,
Albania,Shkodër,
Albania,Shkodër,
Albania,Skrapar,
Albania,Tepelenë,
Albania,Tirana,
Albania,Tirana,
Albania,Tropojë,
Albania,Vlorë,
Albania,Vlorë,
Algeria,Adrar,
Algeria,Aïn Defla,
Algeria,Aïn Témouchent,
Algeria,Algiers,
Algeria,Annaba,
Algeria,Batna,
Algeria,Béchar,
Algeria,Béjaïa,
Algeria,Béni Abbès,
Algeria,Biskra,
Algeria,Blida,
Algeria,Bordj Baji Mokhtar,
Algeria,Bordj Bou Arréridj,
Algeria,Bouïra,
Algeria,Boumerdès,
Algeria,Chlef,
Algeria,Constantine,
Algeria,Djanet,
Algeria,Djelfa,
Algeria,El Bayadh,
Algeria,El M'ghair,
Algeria,El Menia,
Algeria,El Oued,
Algeria,El Tarf,
Algeria,Ghardaïa,
Algeria,Guelma,
Algeria,Illizi,
Algeria,In Guezzam,
Algeria,In Salah,
Algeria,Jijel,
Algeria,Khenchela,
Algeria,Laghouat,
Algeria,M'Sila,
Algeria,Mascara,
Algeria,Médéa,
Algeria,Mila,
Algeria,Mostaganem,
Algeria,Naama,
Algeria,Oran,
Algeria,Ouargla,
Algeria,Ouled Djellal,
Algeria,Oum El Bouaghi,
Algeria,Relizane,
Algeria,Saïda,
Algeria,Sétif,
Algeria,Sidi Bel Abbès,
Algeria,Skikda,
Algeria,Souk Ahras,
Algeria,Tamanghasset,
Algeria,Tébessa,
Algeria,Tiaret,
Algeria,Timimoun,
Algeria,Tindouf,
Algeria,Tipasa,
Algeria,Tissemsilt,
Algeria,Tizi Ouzou,
Algeria,Tlemcen,
Algeria,Touggourt,
Andorra,Andorra la Vella,
Andorra,Canillo,
Andorra,Encamp,
Andorra,Escaldes-Engordany,
Andorra,La Massana,
Andorra,Ordino,
Andorra,Sant Julià de Lòria,
Angola,Bengo,
Angola,Benguela,
Angola,Bié,
Angola,Cabinda,
Angola,Cuando Cubango,
Angola,Cuanza,
Angola,Cuanza Norte,
Angola,Cunene,
Angola,Huambo,
Angola,Huíla,
Angola,Luanda,
Angola,Lunda Norte,
Angola,Lunda Sul,
Angola,Malanje,
Angola,Moxico,
Angola,Uíge,
Angola,Zaire,
Anguilla,Blowing Point,
Anguilla,East End,
Anguilla,George Hill,
Anguilla,Island Harbour,
Anguilla,North Hill,
Anguilla,North Side,
Anguilla,Sandy Ground,
Anguilla,Sandy Hill,
Anguilla,South Hill,
Anguilla,Stoney Ground,
Anguilla,The Farrington,
Anguilla,The Quarter,
Anguilla,The Valley,
Anguilla,West End,
Antigua and Barbuda,Barbuda,
Antigua and Barbuda,Redonda,
Antigua and Barbuda,Saint George,
Antigua and Barbuda,Saint John,
Antigua and Barbuda,Saint Mary,
Antigua and Barbuda,Saint Paul,
Antigua and Barbuda,Saint Peter,
Antigua and Barbuda,Saint Philip,
Argentina,Buenos Aires,11 de Septiembre
Argentina,Buenos Aires,12 de Octubre
Argentina,Buenos Aires,16 de Julio
Argentina,Buenos Aires,17 de Agosto
Argentina,Buenos Aires,20 de Junio
Argentina,Buenos Aires,25 de Mayo
Argentina,Buenos Aires,30 de Agosto
Argentina,Buenos Aires,9 de Abril
Argentina,Buenos Aires,9 de Julio
Argentina,Buenos Aires,Abasto
Argentina,Buenos Aires,Abbott
Argentina,Buenos Aires,Acasusso
Argentina,Buenos Aires,Acevedo
Argentina,Buenos Aires,Adolfo Gonzales Chaves
Argentina,Buenos Aires,Adrogué
Argentina,Buenos Aires,Aeropuerto Internacional Ezeiza
Argentina,Buenos Aires,Aguas Verdes
Argentina,Buenos Aires,Agustín Mosconi
Argentina,Buenos Aires,Agustín Roca
Argentina,Buenos Aires,Agustina
Argentina,Buenos Aires,Alberdi Viejo
Argentina,Buenos Aires,Alberti
Argentina,Buenos Aires,Aldo Bonzi
Argentina,Buenos Aires,Alejandro Korn
Argentina,Buenos Aires,Alejandro Petión
Argentina,Buenos Aires,Alfredo Demarchi
Argentina,Buenos Aires,Almirante Brown
Argentina,Buenos Aires,Altamirano
Argentina,Buenos Aires,Álvarez de Toledo
Argentina,Buenos Aires,Alvarez Jonte
Argentina,Buenos Aires,América
Argentina,Buenos Aires,Andant
Argentina,Buenos Aires,Ángel Etcheverry
Argentina,Buenos Aires,Antonio Carboni
Argentina,Buenos Aires,Aparicio
Argentina,Buenos Aires,Arana
Argentina,Buenos Aires,Arboledas
Argentina,Buenos Aires,Área de Promoción El Triángulo
Argentina,Buenos Aires,Área Reserva Cinturón Ecológico
Argentina,Buenos Aires,Arenas Verdes
Argentina,Buenos Aires,Arenaza
Argentina,Buenos Aires,Argerich
Argentina,Buenos Aires,Ariel
Argentina,Buenos Aires,Arrecifes
Argentina,Buenos Aires,Arribeños
Argentina,Buenos Aires,Arroyo Corto
Argentina,Buenos Aires,Arroyo de la Cruz
Argentina,Buenos Aires,Arroyo Dulce
Argentina,Buenos Aires,Arroyo Venado
Argentina,Buenos Aires,Arturo Seguí
Argentina,Buenos Aires,Ascensión
Argentina,Buenos Aires,Atalaya
Argentina,Buenos Aires,Atlántida
Argentina,Buenos Aires,Avellaneda
Argentina,Buenos Aires,Avellaneda
Argentina,Buenos Aires,Ayacucho
Argentina,Buenos Aires,Azcuénaga
Argentina,Buenos Aires,Azopardo
Argentina,Buenos Aires,Azul
Argentina,Buenos Aires,Bahía Blanca
Argentina,Buenos Aires,Bahía Blanca
Argentina,Buenos Aires,Bahía San Blas
Argentina,Buenos Aires,Baigorrita
Argentina,Buenos Aires,Bajo Hondo
Argentina,Buenos Aires,Balcarce
Argentina,Buenos Aires,Balneario Laguna de Gómez
Argentina,Buenos Aires,Balneario Orense
Argentina,Buenos Aires,Balneario Pehuen Co
Argentina,Buenos Aires,Balneario San Cayetano
Argentina,Buenos Aires,Balneario Sauce Grande
Argentina,Buenos Aires,Banderaló
Argentina,Buenos Aires,Banfield
Argentina,Buenos Aires,Baradero
Argentina,Buenos Aires,Barker
Argentina,Buenos Aires,Barrio América Unida
Argentina,Buenos Aires,Barrio Banco Provincia
Argentina,Buenos Aires,Barrio Colinas Verdes
Argentina,Buenos Aires,Barrio El Carmen Este
Argentina,Buenos Aires,Barrio El Carmen Oeste
Argentina,Buenos Aires,Barrio El Casal
Argentina,Buenos Aires,Barrio El Coyunco
Argentina,Buenos Aires,Barrio El Taladro
Argentina,Buenos Aires,Barrio Gambier
Argentina,Buenos Aires,Barrio Kennedy
Argentina,Buenos Aires,Barrio La Gloria
Argentina,Buenos Aires,Barrio Las Casuarinas
Argentina,Buenos Aires,Barrio Las Golondrinas
Argentina,Buenos Aires,Barrio Las Malvinas
Argentina,Buenos Aires,Barrio Las Margaritas
Argentina,Buenos Aires,Barrio Las Quintas
Argentina,Buenos Aires,Barrio Lisandro de la Torre y Santa Marta
Argentina,Buenos Aires,Barrio Los Bosquecitos
Argentina,Buenos Aires,Barrio Los Pioneros (Barrio Tavella)
Argentina,Buenos Aires,Barrio Morabo
Argentina,Buenos Aires,Barrio Parque General San Martín
Argentina,Buenos Aires,Barrio Parque Las Acacias
Argentina,Buenos Aires,Barrio Río Salado
Argentina,Buenos Aires,Barrio Ruta 24 Kilómetro 10
Argentina,Buenos Aires,Barrio Saavedra
Argentina,Buenos Aires,Barrio San Cayetano
Argentina,Buenos Aires,Barrio Santa Paula
Argentina,Buenos Aires,Barrio Universitario
Argentina,Buenos Aires,Batán
Argentina,Buenos Aires,Bayauca
Argentina,Buenos Aires,Béccar
Argentina,Buenos Aires,Belén de Escobar
Argentina,Buenos Aires,Bella Vista
Argentina,Buenos Aires,Bellocq
Argentina,Buenos Aires,Benavídez
Argentina,Buenos Aires,Benito Juárez
Argentina,Buenos Aires,Berazategui
Argentina,Buenos Aires,Berazategui
Argentina,Buenos Aires,Berazategui Oeste
Argentina,Buenos Aires,Berdier
Argentina,Buenos Aires,Berisso
Argentina,Buenos Aires,Berisso
Argentina,Buenos Aires,Bermúdez
Argentina,Buenos Aires,Bernal
Argentina,Buenos Aires,Bernal Oeste
Argentina,Buenos Aires,Berutti
Argentina,Buenos Aires,Billinghurst
Argentina,Buenos Aires,Blaquier
Argentina,Buenos Aires,Bocayuva
Argentina,Buenos Aires,Bordenave
Argentina,Buenos Aires,Bosques
Argentina,Buenos Aires,Boulogne Sur Mer
Argentina,Buenos Aires,Bragado
Argentina,Buenos Aires,Burzaco
Argentina,Buenos Aires,Cabildo
Argentina,Buenos Aires,Cacharí
Argentina,Buenos Aires,Cadret
Argentina,Buenos Aires,Camet
Argentina,Buenos Aires,Camet Norte
Argentina,Buenos Aires,Campo de Mayo
Argentina,Buenos Aires,Campos Salles
Argentina,Buenos Aires,Canning
Argentina,Buenos Aires,Canning
Argentina,Buenos Aires,Cañada Seca
Argentina,Buenos Aires,Cañuelas
Argentina,Buenos Aires,Capitán Castro
Argentina,Buenos Aires,Capitán Sarmiento
Argentina,Buenos Aires,Carapachay
Argentina,Buenos Aires,Cardenal Cagliero
Argentina,Buenos Aires,Carhué
Argentina,Buenos Aires,Cariló
Argentina,Buenos Aires,Carlos Beguerie
Argentina,Buenos Aires,Carlos Casares
Argentina,Buenos Aires,Carlos Keen
Argentina,Buenos Aires,Carlos María Naón
Argentina,Buenos Aires,Carlos Salas
Argentina,Buenos Aires,Carlos Spegazzini
Argentina,Buenos Aires,Carlos Tejedor
Argentina,Buenos Aires,Carlos Tomás Sourigues
Argentina,Buenos Aires,Carmen de Areco
Argentina,Buenos Aires,Carmen de Patagones
Argentina,Buenos Aires,Casalins
Argentina,Buenos Aires,Casbas
Argentina,Buenos Aires,Cascada
Argentina,Buenos Aires,Caseros
Argentina,Buenos Aires,Castelar
Argentina,Buenos Aires,Castelli
Argentina,Buenos Aires,Castilla
Argentina,Buenos Aires,Cazón
Argentina,Buenos Aires,Centro Guerrero
Argentina,Buenos Aires,Cerro de la Gloria
Argentina,Buenos Aires,Chacabuco
Argentina,Buenos Aires,Chapadmalal
Argentina,Buenos Aires,Chascomús
Argentina,Buenos Aires,Chascomús
Argentina,Buenos Aires,Chasicó
Argentina,Buenos Aires,Chillar
Argentina,Buenos Aires,Chivilcoy
Argentina,Buenos Aires,Churruca
Argentina,Buenos Aires,City Bell
Argentina,Buenos Aires,Ciudad del Libertador General San Martín
Argentina,Buenos Aires,Ciudad Evita
Argentina,Buenos Aires,Ciudad Jardín El Libertador
Argentina,Buenos Aires,Ciudad Jardín Lomas del Palomar
Argentina,Buenos Aires,Ciudadela
Argentina,Buenos Aires,Claraz
Argentina,Buenos Aires,Claromecó
Argentina,Buenos Aires,Claromecó
Argentina,Buenos Aires,Claypole
Argentina,Buenos Aires,Colón
Argentina,Buenos Aires,Colonia Hinojo
Argentina,Buenos Aires,Colonia Mauricio
Argentina,Buenos Aires,Colonia San Martín
Argentina,Buenos Aires,Colonia San Miguel
Argentina,Buenos Aires,Colonia San Miguel Arcángel
Argentina,Buenos Aires,Colonia San Ricardo
Argentina,Buenos Aires,Colonia Seré
Argentina,Buenos Aires,Comandante Nicanor Otamendi
Argentina,Buenos Aires,Comodoro Py
Argentina,Buenos Aires,Conesa
Argentina,Buenos Aires,Copetonas
Argentina,Buenos Aires,Coronel Boerr
Argentina,Buenos Aires,Coronel Brandsen
Argentina,Buenos Aires,Coronel Charlone
Argentina,Buenos Aires,Coronel Dorrego
Argentina,Buenos Aires,Coronel Martínez de Hoz
Argentina,Buenos Aires,Coronel Pringles
Argentina,Buenos Aires,Coronel Seguí
Argentina,Buenos Aires,Coronel Suárez
Argentina,Buenos Aires,Coronel Vidal
Argentina,Buenos Aires,Cortines
Argentina,Buenos Aires,Costa Bonita
Argentina,Buenos Aires,Country Club Bosque Real
Argentina,Buenos Aires,Country Club Las Praderas
Argentina,Buenos Aires,Crotto
Argentina,Buenos Aires,Crucesita
Argentina,Buenos Aires,Cuartel V
Argentina,Buenos Aires,Cucullú
Argentina,Buenos Aires,Curamalal
Argentina,Buenos Aires,Curarú
Argentina,Buenos Aires,D'Orbigny
Argentina,Buenos Aires,Daireaux
Argentina,Buenos Aires,Darregueira
Argentina,Buenos Aires,De Bary
Argentina,Buenos Aires,De la Canal
Argentina,Buenos Aires,De La Garma
Argentina,Buenos Aires,Del Carril
Argentina,Buenos Aires,Del Valle
Argentina,Buenos Aires,Del Viso
Argentina,Buenos Aires,Del Viso
Argentina,Buenos Aires,Delfín Huergo
Argentina,Buenos Aires,Dique Luján
Argentina,Buenos Aires,Dique N° 1
Argentina,Buenos Aires,Dock Sud
Argentina,Buenos Aires,Dolores
Argentina,Buenos Aires,Domselaar
Argentina,Buenos Aires,Don Bosco
Argentina,Buenos Aires,Don Orione
Argentina,Buenos Aires,Don Torcuato Este
Argentina,Buenos Aires,Don Torcuato Oeste
Argentina,Buenos Aires,Dudignac
Argentina,Buenos Aires,Dufaur
Argentina,Buenos Aires,Duggan
Argentina,Buenos Aires,Dunamar
Argentina,Buenos Aires,El Cazador
Argentina,Buenos Aires,El Divisorio
Argentina,Buenos Aires,El Dorado
Argentina,Buenos Aires,El Jagüel
Argentina,Buenos Aires,El Libertador
Argentina,Buenos Aires,El Marquesado
Argentina,Buenos Aires,El Palomar
Argentina,Buenos Aires,El Paraíso
Argentina,Buenos Aires,El Pato
Argentina,Buenos Aires,El Pensamiento
Argentina,Buenos Aires,El Perdido
Argentina,Buenos Aires,El Remanso
Argentina,Buenos Aires,El Retiro
Argentina,Buenos Aires,El Talar
Argentina,Buenos Aires,El Trigo
Argentina,Buenos Aires,El Triunfo
Argentina,Buenos Aires,El Tropezón
Argentina,Buenos Aires,Elvira
Argentina,Buenos Aires,Emilio Ayarza
Argentina,Buenos Aires,Emilio V. Bunge
Argentina,Buenos Aires,Ensenada
Argentina,Buenos Aires,Ensenada
Argentina,Buenos Aires,Erezcano
Argentina,Buenos Aires,Ernestina
Argentina,Buenos Aires,Escalada
Argentina,Buenos Aires,Escobar
Argentina,Buenos Aires,Espartillar
Argentina,Buenos Aires,Espartillar
Argentina,Buenos Aires,Espigas
Argentina,Buenos Aires,Estación Arenales
Argentina,Buenos Aires,Estación Camet
Argentina,Buenos Aires,Estación Chapadmalal
Argentina,Buenos Aires,Estanislao Severo Zeballos
Argentina,Buenos Aires,Esteban Agustín Gascón
Argentina,Buenos Aires,Esteban Echeverría
Argentina,Buenos Aires,Estela
Argentina,Buenos Aires,Ezeiza
Argentina,Buenos Aires,Ezpeleta
Argentina,Buenos Aires,Ezpeleta Oeste
Argentina,Buenos Aires,Faro
Argentina,Buenos Aires,Fátima
Argentina,Buenos Aires,Felipe Solá
Argentina,Buenos Aires,Ferré
Argentina,Buenos Aires,Florencio Varela
Argentina,Buenos Aires,Florentino Ameghino
Argentina,Buenos Aires,Florida
Argentina,Buenos Aires,Florida Oeste
Argentina,Buenos Aires,Fontezuela
Argentina,Buenos Aires,Fortín Acha
Argentina,Buenos Aires,Fortín Olavarría
Argentina,Buenos Aires,Fortín Tiburcio
Argentina,Buenos Aires,Francisco Álvarez
Argentina,Buenos Aires,Francisco Madero
Argentina,Buenos Aires,Franklin
Argentina,Buenos Aires,Frente Mar
Argentina,Buenos Aires,Gahan
Argentina,Buenos Aires,Gardey
Argentina,Buenos Aires,Garín
Argentina,Buenos Aires,Garré
Argentina,Buenos Aires,General Alvear
Argentina,Buenos Aires,General Arenales
Argentina,Buenos Aires,General Belgrano
Argentina,Buenos Aires,General Conesa
Argentina,Buenos Aires,General Daniel Cerri
Argentina,Buenos Aires,General Guido
Argentina,Buenos Aires,General Hornos
Argentina,Buenos Aires,General Juan Madariaga
Argentina,Buenos Aires,General Juan Madariaga
Argentina,Buenos Aires,General La Madrid
Argentina,Buenos Aires,General Las Heras
Argentina,Buenos Aires,General Lavalle
Argentina,Buenos Aires,General Mansilla
Argentina,Buenos Aires,General O'Brien
Argentina,Buenos Aires,General Pacheco
Argentina,Buenos Aires,General Pinto
Argentina,Buenos Aires,General Pirán
Argentina,Buenos Aires,General Rivas
Argentina,Buenos Aires,General Rodríguez
Argentina,Buenos Aires,General Rodríguez
Argentina,Buenos Aires,General Rojo
Argentina,Buenos Aires,General San Martín
Argentina,Buenos Aires,General Villegas
Argentina,Buenos Aires,Gerli
Argentina,Buenos Aires,Gerli
Argentina,Buenos Aires,Germania
Argentina,Buenos Aires,Girodias
Argentina,Buenos Aires,Glew
Argentina,Buenos Aires,Gobernador Castro
Argentina,Buenos Aires,Gobernador Julio A. Costa
Argentina,Buenos Aires,Gobernador Udaondo
Argentina,Buenos Aires,Gobernador Ugarte
Argentina,Buenos Aires,Gómez
Argentina,Buenos Aires,González Catán
Argentina,Buenos Aires,González Moreno
Argentina,Buenos Aires,Gorchs
Argentina,Buenos Aires,Gorostiaga
Argentina,Buenos Aires,Gowland
Argentina,Buenos Aires,Goyena
Argentina,Buenos Aires,Grand Bourg
Argentina,Buenos Aires,Gregorio de Laferrere
Argentina,Buenos Aires,Grünbein
Argentina,Buenos Aires,Guaminí
Argentina,Buenos Aires,Guernica
Argentina,Buenos Aires,Guerrico
Argentina,Buenos Aires,Guillermo Enrique Hudson
Argentina,Buenos Aires,Haedo
Argentina,Buenos Aires,Hale
Argentina,Buenos Aires,Henderson
Argentina,Buenos Aires,Herrera Vegas
Argentina,Buenos Aires,Hilario Ascasubi
Argentina,Buenos Aires,Hinojo
Argentina,Buenos Aires,Hinojo
Argentina,Buenos Aires,Hortensia
Argentina,Buenos Aires,Huanguelén
Argentina,Buenos Aires,Hurlingham
Argentina,Buenos Aires,Hurlingham
Argentina,Buenos Aires,Indio Rico
Argentina,Buenos Aires,Inés Indart
Argentina,Buenos Aires,Ingeniero Adolfo Sourdeaux
Argentina,Buenos Aires,Ingeniero Juan Allan
Argentina,Buenos Aires,Ingeniero Maschwitz
Argentina,Buenos Aires,Ingeniero Pablo Nogués
Argentina,Buenos Aires,Ingeniero Thompson
Argentina,Buenos Aires,Ingeniero White
Argentina,Buenos Aires,Irala
Argentina,Buenos Aires,Irene
Argentina,Buenos Aires,Irineo Portela
Argentina,Buenos Aires,Isidro Casanova
Argentina,Buenos Aires,Isla Santiago
Argentina,Buenos Aires,Ituzaingó
Argentina,Buenos Aires,Ituzaingó Centro
Argentina,Buenos Aires,Ituzaingó Sur
Argentina,Buenos Aires,Jeppener
Argentina,Buenos Aires,Joaquín Gorina
Argentina,Buenos Aires,Jorge Born
Argentina,Buenos Aires,José B. Casas
Argentina,Buenos Aires,José C. Paz
Argentina,Buenos Aires,José C. Paz
Argentina,Buenos Aires,José Hernández
Argentina,Buenos Aires,José Ingenieros
Argentina,Buenos Aires,José Juan Almeyra
Argentina,Buenos Aires,José María Ezeiza
Argentina,Buenos Aires,José Mármol
Argentina,Buenos Aires,José Melchor Romero
Argentina,Buenos Aires,Juan A. de la Peña
Argentina,Buenos Aires,Juan A. Pradere
Argentina,Buenos Aires,Juan Anchorena
Argentina,Buenos Aires,Juan Bautista Alberdi
Argentina,Buenos Aires,Juan Cousté
Argentina,Buenos Aires,Juan E. Barra
Argentina,Buenos Aires,Juan F. Ibarra
Argentina,Buenos Aires,Juan F. Salaberry
Argentina,Buenos Aires,Juan José Paso
Argentina,Buenos Aires,Juan María Gutiérrez
Argentina,Buenos Aires,Juan N. Fernández
Argentina,Buenos Aires,Junín
Argentina,Buenos Aires,La Angelita
Argentina,Buenos Aires,La Armonía
Argentina,Buenos Aires,La Aurora
Argentina,Buenos Aires,La Baliza
Argentina,Buenos Aires,La Beba
Argentina,Buenos Aires,La Caleta
Argentina,Buenos Aires,La Capilla
Argentina,Buenos Aires,La Carreta
Argentina,Buenos Aires,La Choza
Argentina,Buenos Aires,La Colina
Argentina,Buenos Aires,La Constancia
Argentina,Buenos Aires,La Cumbre
Argentina,Buenos Aires,La Delfina
Argentina,Buenos Aires,La Emilia
Argentina,Buenos Aires,La Emilia
Argentina,Buenos Aires,La Gruta
Argentina,Buenos Aires,La Invencible
Argentina,Buenos Aires,La Larga
Argentina,Buenos Aires,La Limpia
Argentina,Buenos Aires,La Lonja
Argentina,Buenos Aires,La Lucila
Argentina,Buenos Aires,La Luisa
Argentina,Buenos Aires,La Matanza
Argentina,Buenos Aires,La Pala
Argentina,Buenos Aires,La Plata
Argentina,Buenos Aires,La Plata
Argentina,Buenos Aires,La Reja
Argentina,Buenos Aires,La Rica
Argentina,Buenos Aires,La Sofía
Argentina,Buenos Aires,La Tablada
Argentina,Buenos Aires,La Trinidad
Argentina,Buenos Aires,La Unión
Argentina,Buenos Aires,La Violeta
Argentina,Buenos Aires,Labardén
Argentina,Buenos Aires,Laguna Alsina
Argentina,Buenos Aires,Laguna de Lobos
Argentina,Buenos Aires,Lanús
Argentina,Buenos Aires,Lanús Este
Argentina,Buenos Aires,Lanús Oeste
Argentina,Buenos Aires,Laplacette
Argentina,Buenos Aires,Laprida
Argentina,Buenos Aires,Lartigau
Argentina,Buenos Aires,Las Armas
Argentina,Buenos Aires,Las Bahamas
Argentina,Buenos Aires,Las Carabelas
Argentina,Buenos Aires,Las Flores
Argentina,Buenos Aires,Las Marianas
Argentina,Buenos Aires,Las Martinetas
Argentina,Buenos Aires,Las Toninas
Argentina,Buenos Aires,Las Toscas
Argentina,Buenos Aires,Leandro N. Alem
Argentina,Buenos Aires,Lezica y Torrezuri
Argentina,Buenos Aires,Líbano
Argentina,Buenos Aires,Libertad
Argentina,Buenos Aires,Licenciado Matienzo
Argentina,Buenos Aires,Lima
Argentina,Buenos Aires,Lin Calel
Argentina,Buenos Aires,Lincoln
Argentina,Buenos Aires,Lisandro Olmos
Argentina,Buenos Aires,Llavallol
Argentina,Buenos Aires,Lobería
Argentina,Buenos Aires,Lobos
Argentina,Buenos Aires,Loma Hermosa
Argentina,Buenos Aires,Loma Verde
Argentina,Buenos Aires,Loma Verde
Argentina,Buenos Aires,Lomas de Zamora
Argentina,Buenos Aires,Lomas de Zamora
Argentina,Buenos Aires,Lomas del Mirador
Argentina,Buenos Aires,Longchamps
Argentina,Buenos Aires,López
Argentina,Buenos Aires,López Lecube
Argentina,Buenos Aires,Los Angeles
Argentina,Buenos Aires,Los Cachorros
Argentina,Buenos Aires,Los Cardales
Argentina,Buenos Aires,Los Hornos
Argentina,Buenos Aires,Los Indios
Argentina,Buenos Aires,Los Naranjos
Argentina,Buenos Aires,Los Pinos
Argentina,Buenos Aires,Los Polvorines
Argentina,Buenos Aires,Los Talas
Argentina,Buenos Aires,Los Toldos
Argentina,Buenos Aires,Lucas Monteverde
Argentina,Buenos Aires,Lucila del Mar
Argentina,Buenos Aires,Luis Guillón
Argentina,Buenos Aires,Luján
Argentina,Buenos Aires,Luján
Argentina,Buenos Aires,Magdala
Argentina,Buenos Aires,Magdalena
Argentina,Buenos Aires,Maipú
Argentina,Buenos Aires,Malvinas Argentinas
Argentina,Buenos Aires,Malvinas Argentinas
Argentina,Buenos Aires,Malvinas Argentinas
Argentina,Buenos Aires,Manuel B. Gonnet
Argentina,Buenos Aires,Manuel B. Gonnet
Argentina,Buenos Aires,Manuel J. Cobo
Argentina,Buenos Aires,Manuel Ocampo
Argentina,Buenos Aires,Manzanares
Argentina,Buenos Aires,Manzone
Argentina,Buenos Aires,Maquinista F. Savio Este
Argentina,Buenos Aires,Maquinista F. Savio Oeste
Argentina,Buenos Aires,Mar Azul
Argentina,Buenos Aires,Mar Azul
Argentina,Buenos Aires,Mar Chiquita
Argentina,Buenos Aires,Mar de Ajó
Argentina,Buenos Aires,Mar de Ajó - San Bernardo
Argentina,Buenos Aires,Mar de Ajó Norte
Argentina,Buenos Aires,Mar de Cobo
Argentina,Buenos Aires,Mar de Cobo
Argentina,Buenos Aires,Mar de las Pampas
Argentina,Buenos Aires,Mar del Plata
Argentina,Buenos Aires,Mar del Plata
Argentina,Buenos Aires,Mar del Sur
Argentina,Buenos Aires,Mar del Tuyú
Argentina,Buenos Aires,Marcelino Ugarte
Argentina,Buenos Aires,Marcos Paz
Argentina,Buenos Aires,Marcos Paz
Argentina,Buenos Aires,María Ignacia
Argentina,Buenos Aires,Mariano Acosta
Argentina,Buenos Aires,Mariano Benítez
Argentina,Buenos Aires,Mariano H. Alfonzo
Argentina,Buenos Aires,Marisol
Argentina,Buenos Aires,Martín Coronado
Argentina,Buenos Aires,Martínez
Argentina,Buenos Aires,Massey
Argentina,Buenos Aires,Matheu
Argentina,Buenos Aires,Mauricio Hirsch
Argentina,Buenos Aires,Mayor Buratovich
Argentina,Buenos Aires,Maza
Argentina,Buenos Aires,Mechita
Argentina,Buenos Aires,Mechita
Argentina,Buenos Aires,Mechongué
Argentina,Buenos Aires,Médanos
Argentina,Buenos Aires,Mercedes
Argentina,Buenos Aires,Merlo
Argentina,Buenos Aires,Merlo
Argentina,Buenos Aires,Micaela Cascallares
Argentina,Buenos Aires,Ministro Rivadavia
Argentina,Buenos Aires,Mira Pampa
Argentina,Buenos Aires,Miramar
Argentina,Buenos Aires,Moctezuma
Argentina,Buenos Aires,Mones Cazón
Argentina,Buenos Aires,Monte Chingolo
Argentina,Buenos Aires,Monte Grande
Argentina,Buenos Aires,Monte Hermoso
Argentina,Buenos Aires,Moquehuá
Argentina,Buenos Aires,Morea
Argentina,Buenos Aires,Moreno
Argentina,Buenos Aires,Moreno
Argentina,Buenos Aires,Morón
Argentina,Buenos Aires,Morón
Argentina,Buenos Aires,Munro
Argentina,Buenos Aires,Muñiz
Argentina,Buenos Aires,Napaleofú
Argentina,Buenos Aires,Navarro
Argentina,Buenos Aires,Necochea
Argentina,Buenos Aires,Necochea - Quequén
Argentina,Buenos Aires,Nicanor Olivera
Argentina,Buenos Aires,Norberto de la Riestra
Argentina,Buenos Aires,Norumbega
Argentina,Buenos Aires,Nueva Plata
Argentina,Buenos Aires,O'Higgins
Argentina,Buenos Aires,Obligado
Argentina,Buenos Aires,Ochandío
Argentina,Buenos Aires,Olascoaga
Argentina,Buenos Aires,Olavarría
Argentina,Buenos Aires,Oliden
Argentina,Buenos Aires,Olivera
Argentina,Buenos Aires,Olivos
Argentina,Buenos Aires,Open Door
Argentina,Buenos Aires,Ordoqui
Argentina,Buenos Aires,Orense
Argentina,Buenos Aires,Oriente
Argentina,Buenos Aires,Ostende
Argentina,Buenos Aires,Pablo Podestá
Argentina,Buenos Aires,Parada Orlando
Argentina,Buenos Aires,Parada Robles
Argentina,Buenos Aires,Parada Robles - Pavón
Argentina,Buenos Aires,Pardo
Argentina,Buenos Aires,Pasman
Argentina,Buenos Aires,Paso del Rey
Argentina,Buenos Aires,Pasteur
Argentina,Buenos Aires,Patricios
Argentina,Buenos Aires,Paula
Argentina,Buenos Aires,Pavón
Argentina,Buenos Aires,Pearson
Argentina,Buenos Aires,Pedernales
Argentina,Buenos Aires,Pedro Luro
Argentina,Buenos Aires,Pehuajó
Argentina,Buenos Aires,Pellegrini
Argentina,Buenos Aires,Pereyra
Argentina,Buenos Aires,Pérez Millán
Argentina,Buenos Aires,Pergamino
Argentina,Buenos Aires,Pichincha
Argentina,Buenos Aires,Piedritas
Argentina,Buenos Aires,Pieres
Argentina,Buenos Aires,Pigüé
Argentina,Buenos Aires,Pila
Argentina,Buenos Aires,Pilar
Argentina,Buenos Aires,Pilar
Argentina,Buenos Aires,Pinamar
Argentina,Buenos Aires,Pinamar
Argentina,Buenos Aires,Pinzón
Argentina,Buenos Aires,Piñeyro
Argentina,Buenos Aires,Pipinas
Argentina,Buenos Aires,Pirovano
Argentina,Buenos Aires,Pla
Argentina,Buenos Aires,Plátanos
Argentina,Buenos Aires,Playa Dorada
Argentina,Buenos Aires,Plomer
Argentina,Buenos Aires,Polvaredas
Argentina,Buenos Aires,Pontaut
Argentina,Buenos Aires,Pontevedra
Argentina,Buenos Aires,Porvenir
Argentina,Buenos Aires,Presidente Derqui
Argentina,Buenos Aires,Presidente Perón
Argentina,Buenos Aires,Puán
Argentina,Buenos Aires,Pueblo Doyle
Argentina,Buenos Aires,Pueblo Gouin
Argentina,Buenos Aires,Pueblo Nuevo
Argentina,Buenos Aires,Pueblo San Jorge
Argentina,Buenos Aires,Punta Alta
Argentina,Buenos Aires,Punta Alta
Argentina,Buenos Aires,Punta Indio
Argentina,Buenos Aires,Punta Lara
Argentina,Buenos Aires,Punta Mogotes
Argentina,Buenos Aires,Quenumá
Argentina,Buenos Aires,Quequén
Argentina,Buenos Aires,Quilmes
Argentina,Buenos Aires,Quilmes
Argentina,Buenos Aires,Quilmes Oeste
Argentina,Buenos Aires,Rafael Calzada
Argentina,Buenos Aires,Rafael Castillo
Argentina,Buenos Aires,Rafael Obligado
Argentina,Buenos Aires,Ramallo
Argentina,Buenos Aires,Ramón Biaus
Argentina,Buenos Aires,Ramón Santamarina
Argentina,Buenos Aires,Ramos Mejía
Argentina,Buenos Aires,Ramos Otero
Argentina,Buenos Aires,Rancagua
Argentina,Buenos Aires,Ranchos
Argentina,Buenos Aires,Ranelagh
Argentina,Buenos Aires,Rauch
Argentina,Buenos Aires,Rawson
Argentina,Buenos Aires,Recalde
Argentina,Buenos Aires,Remedios de Escalada
Argentina,Buenos Aires,Remedios de Escalada de San Martín
Argentina,Buenos Aires,Reta
Argentina,Buenos Aires,Ricardo Rojas
Argentina,Buenos Aires,Rincón de Milberg
Argentina,Buenos Aires,Ringuelet
Argentina,Buenos Aires,Río Tala
Argentina,Buenos Aires,Rivera
Argentina,Buenos Aires,Roberto Cano
Argentina,Buenos Aires,Roberto de Vicenzo
Argentina,Buenos Aires,Roberto J. Payró
Argentina,Buenos Aires,Roberts
Argentina,Buenos Aires,Rojas
Argentina,Buenos Aires,Rojas
Argentina,Buenos Aires,Roosevelt
Argentina,Buenos Aires,Roque Pérez
Argentina,Buenos Aires,Rufino de Elizalde
Argentina,Buenos Aires,Saavedra
Argentina,Buenos Aires,Sáenz Peña
Argentina,Buenos Aires,Saforcada
Argentina,Buenos Aires,Salazar
Argentina,Buenos Aires,Salliqueló
Argentina,Buenos Aires,Salto
Argentina,Buenos Aires,Salvador María
Argentina,Buenos Aires,Samborombón
Argentina,Buenos Aires,San Agustín
Argentina,Buenos Aires,San Andrés de Giles
Argentina,Buenos Aires,San Antonio de Areco
Argentina,Buenos Aires,San Antonio de Padua
Argentina,Buenos Aires,San Bernardo
Argentina,Buenos Aires,San Bernardo
Argentina,Buenos Aires,San Carlos de Bolívar
Argentina,Buenos Aires,San Cayetano
Argentina,Buenos Aires,San Clemente del Tuyú
Argentina,Buenos Aires,San Emilio
Argentina,Buenos Aires,San Enrique
Argentina,Buenos Aires,San Esteban
Argentina,Buenos Aires,San Fernando
Argentina,Buenos Aires,San Fernando
Argentina,Buenos Aires,San Francisco de Bellocq
Argentina,Buenos Aires,San Francisco Solano
Argentina,Buenos Aires,San Francisco Solano
Argentina,Buenos Aires,San Germán
Argentina,Buenos Aires,San Isidro
Argentina,Buenos Aires,San Isidro
Argentina,Buenos Aires,San José
Argentina,Buenos Aires,San José
Argentina,Buenos Aires,San Juan Bautista
Argentina,Buenos Aires,San Justo
Argentina,Buenos Aires,San Manuel
Argentina,Buenos Aires,San Mauricio
Argentina,Buenos Aires,San Mayol
Argentina,Buenos Aires,San Miguel
Argentina,Buenos Aires,San Miguel
Argentina,Buenos Aires,San Miguel del Monte
Argentina,Buenos Aires,San Nicolás de los Arroyos
Argentina,Buenos Aires,San Nicolás de los Arroyos
Argentina,Buenos Aires,San Pedro
Argentina,Buenos Aires,San Román
Argentina,Buenos Aires,San Sebastián
Argentina,Buenos Aires,San Vicente
Argentina,Buenos Aires,San Vicente
Argentina,Buenos Aires,Sansinena
Argentina,Buenos Aires,Santa Clara del Mar
Argentina,Buenos Aires,Santa Clara del Mar
Argentina,Buenos Aires,Santa Coloma
Argentina,Buenos Aires,Santa Elena
Argentina,Buenos Aires,Santa Eleodora
Argentina,Buenos Aires,Santa Lucía
Argentina,Buenos Aires,Santa Luisa
Argentina,Buenos Aires,Santa María
Argentina,Buenos Aires,Santa Regina
Argentina,Buenos Aires,Santa Rosa
Argentina,Buenos Aires,Santa Teresa
Argentina,Buenos Aires,Santa Teresita
Argentina,Buenos Aires,Santa Teresita - Mar del Tuyú
Argentina,Buenos Aires,Santa Trinidad
Argentina,Buenos Aires,Santo Domingo
Argentina,Buenos Aires,Santos Lugares
Argentina,Buenos Aires,Sarandí
Argentina,Buenos Aires,Sarasa
Argentina,Buenos Aires,Sevigne
Argentina,Buenos Aires,Sierra Chica
Argentina,Buenos Aires,Sierra de los Padres
Argentina,Buenos Aires,Sierra de los Padres
Argentina,Buenos Aires,Sierras Bayas
Argentina,Buenos Aires,Sierras Bayas
Argentina,Buenos Aires,Smith
Argentina,Buenos Aires,Sol de Mayo
Argentina,Buenos Aires,Solanet
Argentina,Buenos Aires,Solís
Argentina,Buenos Aires,Stroeder
Argentina,Buenos Aires,Suipacha
Argentina,Buenos Aires,Sundblad
Argentina,Buenos Aires,Tamangueyú
Argentina,Buenos Aires,Tandil
Argentina,Buenos Aires,Tapalqué
Argentina,Buenos Aires,Tapiales
Argentina,Buenos Aires,Tedín Uriburu
Argentina,Buenos Aires,Temperley
Argentina,Buenos Aires,Teniente Origone
Argentina,Buenos Aires,Tigre
Argentina,Buenos Aires,Tigre
Argentina,Buenos Aires,Timote
Argentina,Buenos Aires,Todd
Argentina,Buenos Aires,Tolosa
Argentina,Buenos Aires,Tornquist
Argentina,Buenos Aires,Torres
Argentina,Buenos Aires,Tortuguitas
Argentina,Buenos Aires,Tortuguitas
Argentina,Buenos Aires,Tortuguitas
Argentina,Buenos Aires,Transradio
Argentina,Buenos Aires,Trenque Lauquen
Argentina,Buenos Aires,Tres Algarrobos
Argentina,Buenos Aires,Tres Arroyos
Argentina,Buenos Aires,Tres de Febrero
Argentina,Buenos Aires,Tres Lomas
Argentina,Buenos Aires,Tres Picos
Argentina,Buenos Aires,Tres Sargentos
Argentina,Buenos Aires,Tristán Suárez
Argentina,Buenos Aires,Triunvirato
Argentina,Buenos Aires,Troncos del Talar
Argentina,Buenos Aires,Trongé
Argentina,Buenos Aires,Trujui
Argentina,Buenos Aires,Turdera
Argentina,Buenos Aires,Udaquiola
Argentina,Buenos Aires,Urdampilleta
Argentina,Buenos Aires,Uribelarrea
Argentina,Buenos Aires,Va.María Irene de los Remedios Escalada
Argentina,Buenos Aires,Va.Marqués Alejandro María de Aguado
Argentina,Buenos Aires,Valdés
Argentina,Buenos Aires,Valentín Alsina
Argentina,Buenos Aires,Valeria del Mar
Argentina,Buenos Aires,Vásquez
Argentina,Buenos Aires,Vedia
Argentina,Buenos Aires,Velloso
Argentina,Buenos Aires,Verónica
Argentina,Buenos Aires,Vicente Casares
Argentina,Buenos Aires,Vicente López
Argentina,Buenos Aires,Vicente López
Argentina,Buenos Aires,Victoria
Argentina,Buenos Aires,Vieytes
Argentina,Buenos Aires,Villa Adelina
Argentina,Buenos Aires,Villa Adelina
Argentina,Buenos Aires,Villa Alfredo Fortabat
Argentina,Buenos Aires,Villa Alsina
Argentina,Buenos Aires,Villa Angélica
Argentina,Buenos Aires,Villa Argüello
Argentina,Buenos Aires,Villa Arrieta
Argentina,Buenos Aires,Villa Astolfi
Argentina,Buenos Aires,Villa Ayacucho
Argentina,Buenos Aires,Villa Ballester
Argentina,Buenos Aires,Villa Bernardo Monteagudo
Argentina,Buenos Aires,Villa Bordeau
Argentina,Buenos Aires,Villa Bosch
Argentina,Buenos Aires,Villa Brown
Argentina,Buenos Aires,Villa Cacique
Argentina,Buenos Aires,Villa Campi
Argentina,Buenos Aires,Villa Canto
Argentina,Buenos Aires,Villa Castelar
Argentina,Buenos Aires,Villa Catela
Argentina,Buenos Aires,Villa Centenario
Argentina,Buenos Aires,Villa Chacabuco
Argentina,Buenos Aires,Villa Coronel José M. Zapiola
Argentina,Buenos Aires,Villa de Mayo
Argentina,Buenos Aires,Villa del Mar
Argentina,Buenos Aires,Villa Dolores
Argentina,Buenos Aires,Villa Domínico
Argentina,Buenos Aires,Villa Eduardo Madero
Argentina,Buenos Aires,Villa Elisa
Argentina,Buenos Aires,Villa Elvira
Argentina,Buenos Aires,Villa España
Argentina,Buenos Aires,Villa Esperanza
Argentina,Buenos Aires,Villa Espil
Argentina,Buenos Aires,Villa Espora
Argentina,Buenos Aires,Villa Fiorito
Argentina,Buenos Aires,Villa Flandria Norte
Argentina,Buenos Aires,Villa Flandria Sur
Argentina,Buenos Aires,Villa Fournier
Argentina,Buenos Aires,Villa Francia
Argentina,Buenos Aires,Villa Garibaldi
Argentina,Buenos Aires,Villa General Antonio J. de Sucre
Argentina,Buenos Aires,Villa General Arias
Argentina,Buenos Aires,Villa General Eugenio Necochea
Argentina,Buenos Aires,Villa General José Tomás Guido
Argentina,Buenos Aires,Villa General Juan G. Las Heras
Argentina,Buenos Aires,Villa General Savio
Argentina,Buenos Aires,Villa Gesell
Argentina,Buenos Aires,Villa Gobernador Udadondo
Argentina,Buenos Aires,Villa Godoy Cruz
Argentina,Buenos Aires,Villa Granaderos de San Martín
Argentina,Buenos Aires,Villa Gregoria Matorras
Argentina,Buenos Aires,Villa Grisolía
Argentina,Buenos Aires,Villa Independencia
Argentina,Buenos Aires,Villa Iris
Argentina,Buenos Aires,Villa José León Suárez
Argentina,Buenos Aires,Villa Juan Martín de Pueyrredón
Argentina,Buenos Aires,Villa La Arcadia
Argentina,Buenos Aires,Villa La Florida
Argentina,Buenos Aires,Villa La Serranía
Argentina,Buenos Aires,Villa Laguna La Brava
Argentina,Buenos Aires,Villa Lía
Argentina,Buenos Aires,Villa Libertad
Argentina,Buenos Aires,Villa Luzuriaga
Argentina,Buenos Aires,Villa Lynch
Argentina,Buenos Aires,Villa Lynch Pueyrredón
Argentina,Buenos Aires,Villa Maipú
Argentina,Buenos Aires,Villa Manuel Pomar
Argentina,Buenos Aires,Villa Manuel Pomar
Argentina,Buenos Aires,Villa Margarita
Argentina,Buenos Aires,Villa María
Argentina,Buenos Aires,Villa Martelli
Argentina,Buenos Aires,Villa Moll
Argentina,Buenos Aires,Villa Montoro
Argentina,Buenos Aires,Villa Nueva
Argentina,Buenos Aires,Villa Ortiz
Argentina,Buenos Aires,Villa Parque Cecir
Argentina,Buenos Aires,Villa Parque Girado
Argentina,Buenos Aires,Villa Parque Presidente Figueroa Alcorta
Argentina,Buenos Aires,Villa Parque San Lorenzo
Argentina,Buenos Aires,Villa Parque Sicardi
Argentina,Buenos Aires,Villa Porteña
Argentina,Buenos Aires,Villa Progreso
Argentina,Buenos Aires,Villa Raffo
Argentina,Buenos Aires,Villa Ramallo
Argentina,Buenos Aires,Villa Riccio
Argentina,Buenos Aires,Villa Rodríguez
Argentina,Buenos Aires,Villa Rosa
Argentina,Buenos Aires,Villa Roth
Argentina,Buenos Aires,Villa Ruiz
Argentina,Buenos Aires,Villa Saboya
Argentina,Buenos Aires,Villa San Andrés
Argentina,Buenos Aires,Villa San Carlos
Argentina,Buenos Aires,Villa San José
Argentina,Buenos Aires,Villa San Luis
Argentina,Buenos Aires,Villa Santa Rosa
Argentina,Buenos Aires,Villa Santos Tesei
Argentina,Buenos Aires,Villa Sarmiento
Argentina,Buenos Aires,Villa Sauze
Argentina,Buenos Aires,Villa Vatteone
Argentina,Buenos Aires,Villa Ventana
Argentina,Buenos Aires,Villa Yapeyú
Argentina,Buenos Aires,Villa Zula
Argentina,Buenos Aires,Villalonga
Argentina,Buenos Aires,Villanueva
Argentina,Buenos Aires,Viña
Argentina,Buenos Aires,Virrey del Pino
Argentina,Buenos Aires,Virreyes
Argentina,Buenos Aires,Vivoratá
Argentina,Buenos Aires,Warnes
Argentina,Buenos Aires,Wilde
Argentina,Buenos Aires,William C. Morris
Argentina,Buenos Aires,Zárate
Argentina,Buenos Aires,Zárate
Argentina,Buenos Aires,Zavalía
Argentina,Buenos Aires,Zelaya
Argentina,Buenos Aires,Zenón Videla Dorna
Argentina,Catamarca,Aconquija
Argentina,Catamarca,Alijilán
Argentina,Catamarca,Alto de las Juntas
Argentina,Catamarca,Amadores
Argentina,Catamarca,Amanao
Argentina,Catamarca,Ancasti
Argentina,Catamarca,Andalgalá
Argentina,Catamarca,Andalhualá
Argentina,Catamarca,Anillaco
Argentina,Catamarca,Anquincila
Argentina,Catamarca,Antofagasta de la Sierra
Argentina,Catamarca,Bañado de Ovanta
Argentina,Catamarca,Barranca Larga
Argentina,Catamarca,Belén
Argentina,Catamarca,Buena Vista
Argentina,Catamarca,Capayán
Argentina,Catamarca,Casa de Piedra
Argentina,Catamarca,Casa de Piedra
Argentina,Catamarca,Chañar Punco
Argentina,Catamarca,Chañar Punco
Argentina,Catamarca,Chaquiago
Argentina,Catamarca,Choya
Argentina,Catamarca,Chuchucaruana
Argentina,Catamarca,Chumbicha
Argentina,Catamarca,Colana
Argentina,Catamarca,Colonia del Valle
Argentina,Catamarca,Colonia Nueva Coneta
Argentina,Catamarca,Colpes
Argentina,Catamarca,Colpes
Argentina,Catamarca,Concepción
Argentina,Catamarca,Cóndor Huasi
Argentina,Catamarca,Coneta
Argentina,Catamarca,Copacabana
Argentina,Catamarca,Copacabana
Argentina,Catamarca,Corral Quemado
Argentina,Catamarca,El Alamito
Argentina,Catamarca,El Alamito
Argentina,Catamarca,El Alto
Argentina,Catamarca,El Aybal
Argentina,Catamarca,El Bañado
Argentina,Catamarca,El Bañado
Argentina,Catamarca,El Bañado
Argentina,Catamarca,El Bolsón
Argentina,Catamarca,El Cajón
Argentina,Catamarca,El Cerrito
Argentina,Catamarca,El Desmonte
Argentina,Catamarca,El Divisadero
Argentina,Catamarca,El Durazno
Argentina,Catamarca,El Hueco
Argentina,Catamarca,El Lindero
Argentina,Catamarca,El Lindero
Argentina,Catamarca,El Pajonal
Argentina,Catamarca,El Peñón
Argentina,Catamarca,El Portezuelo
Argentina,Catamarca,El Potrero
Argentina,Catamarca,El Puesto
Argentina,Catamarca,El Puesto
Argentina,Catamarca,El Quimilo
Argentina,Catamarca,El Rodeo
Argentina,Catamarca,El Salado
Argentina,Catamarca,Esquiú
Argentina,Catamarca,Famatanca
Argentina,Catamarca,Famatanca
Argentina,Catamarca,Farallón Negro
Argentina,Catamarca,Fiambalá
Argentina,Catamarca,Fiambalá
Argentina,Catamarca,Fuerte Quemado
Argentina,Catamarca,Guayamba
Argentina,Catamarca,Hualfín
Argentina,Catamarca,Huaycama
Argentina,Catamarca,Huaycama
Argentina,Catamarca,Huillapima
Argentina,Catamarca,Icaño
Argentina,Catamarca,Infanzón
Argentina,Catamarca,Jacipunco
Argentina,Catamarca,La Candelaria
Argentina,Catamarca,La Carrera
Argentina,Catamarca,La Dorada
Argentina,Catamarca,La Falda de San Antonio
Argentina,Catamarca,La Guardia
Argentina,Catamarca,La Higuera
Argentina,Catamarca,La Hoyada
Argentina,Catamarca,La Majada
Argentina,Catamarca,La Merced
Argentina,Catamarca,La Mesada
Argentina,Catamarca,La Puerta
Argentina,Catamarca,La Puntilla
Argentina,Catamarca,La Puntilla
Argentina,Catamarca,La Puntilla
Argentina,Catamarca,La Ramadita
Argentina,Catamarca,La Tercena
Argentina,Catamarca,La Viña
Argentina,Catamarca,Lampacito
Argentina,Catamarca,Las Cañas
Argentina,Catamarca,Las Chacritas
Argentina,Catamarca,Las Esquinas
Argentina,Catamarca,Las Juntas
Argentina,Catamarca,Las Juntas
Argentina,Catamarca,Las Lajas
Argentina,Catamarca,Las Mojarras
Argentina,Catamarca,Las Mojarras
Argentina,Catamarca,Las Palmitas
Argentina,Catamarca,Las Tejas
Argentina,Catamarca,Lavalle
Argentina,Catamarca,Londres
Argentina,Catamarca,Los Altos
Argentina,Catamarca,Los Angeles
Argentina,Catamarca,Los Ángeles Norte
Argentina,Catamarca,Los Ángeles Sur
Argentina,Catamarca,Los Castillos
Argentina,Catamarca,Los Corrales
Argentina,Catamarca,Los Nacimientos
Argentina,Catamarca,Los Nacimientos
Argentina,Catamarca,Los Talas
Argentina,Catamarca,Los Varela
Argentina,Catamarca,Manantiales
Argentina,Catamarca,Medanitos
Argentina,Catamarca,Medanitos
Argentina,Catamarca,Miraflores
Argentina,Catamarca,Monte Potrero
Argentina,Catamarca,Mutquin
Argentina,Catamarca,Palo Blanco
Argentina,Catamarca,Palo Labrado
Argentina,Catamarca,Palo Seco
Argentina,Catamarca,Pampa Blanca
Argentina,Catamarca,Polcos
Argentina,Catamarca,Pomán
Argentina,Catamarca,Pomancillo Este
Argentina,Catamarca,Pomancillo Oeste
Argentina,Catamarca,Pozo del Mistol
Argentina,Catamarca,Puerta de Corral Quemado
Argentina,Catamarca,Puerta de San José
Argentina,Catamarca,Punta de Balasto
Argentina,Catamarca,Quirós
Argentina,Catamarca,Ramblones
Argentina,Catamarca,Recreo
Argentina,Catamarca,Rincón
Argentina,Catamarca,San Antonio
Argentina,Catamarca,San Antonio
Argentina,Catamarca,San Antonio
Argentina,Catamarca,San Fernando del Valle de Catamarca
Argentina,Catamarca,San Isidro
Argentina,Catamarca,San Isidro
Argentina,Catamarca,San José
Argentina,Catamarca,San José
Argentina,Catamarca,San José
Argentina,Catamarca,San José Banda
Argentina,Catamarca,San José Norte
Argentina,Catamarca,San José Villa
Argentina,Catamarca,San Martín
Argentina,Catamarca,San Miguel
Argentina,Catamarca,San Pablo
Argentina,Catamarca,San Pedro
Argentina,Catamarca,San Pedro
Argentina,Catamarca,Santa Cruz
Argentina,Catamarca,Santa María
Argentina,Catamarca,Santa Rosa
Argentina,Catamarca,Saujil
Argentina,Catamarca,Saujil
Argentina,Catamarca,Siján
Argentina,Catamarca,Singuil
Argentina,Catamarca,Sumalao
Argentina,Catamarca,Tapso
Argentina,Catamarca,Tinogasta
Argentina,Catamarca,Vilismán
Argentina,Catamarca,Villa de Balcozna
Argentina,Catamarca,Villa Dolores
Argentina,Catamarca,Villa Las Pirquitas
Argentina,Catamarca,Villa Vil
Argentina,Catamarca,Yapes
Argentina,Chaco,Avia Terai
Argentina,Chaco,Barranqueras
Argentina,Chaco,Barrio de los Pescadores
Argentina,Chaco,Basail
Argentina,Chaco,Campo Largo
Argentina,Chaco,Capitán Solari
Argentina,Chaco,Charadai
Argentina,Chaco,Charata
Argentina,Chaco,Chorotis
Argentina,Chaco,Ciervo Petiso
Argentina,Chaco,Colonia Aborigen
Argentina,Chaco,Colonia Baranda
Argentina,Chaco,Colonia Benítez
Argentina,Chaco,Colonia Elisa
Argentina,Chaco,Colonia Popular
Argentina,Chaco,Colonias Unidas
Argentina,Chaco,Concepción del Bermejo
Argentina,Chaco,Coronel Du Graty
Argentina,Chaco,Corzuela
Argentina,Chaco,Cote Lai
Argentina,Chaco,El Espinillo
Argentina,Chaco,El Sauzal
Argentina,Chaco,El Sauzalito
Argentina,Chaco,Enrique Urien
Argentina,Chaco,Estación General Obligado
Argentina,Chaco,Fontana
Argentina,Chaco,Fortín Las Chuñas
Argentina,Chaco,Fortín Lavalle
Argentina,Chaco,Fuerte Esperanza
Argentina,Chaco,Gancedo
Argentina,Chaco,General Capdevila
Argentina,Chaco,General José de San Martín
Argentina,Chaco,General Pinedo
Argentina,Chaco,General Vedia
Argentina,Chaco,Haumonia
Argentina,Chaco,Hermoso Campo
Argentina,Chaco,Horquilla
Argentina,Chaco,Ingeniero Barbet
Argentina,Chaco,Isla del Cerrito
Argentina,Chaco,Itín
Argentina,Chaco,Juan José Castelli
Argentina,Chaco,La Clotilde
Argentina,Chaco,La Eduvigis
Argentina,Chaco,La Escondida
Argentina,Chaco,La Leonesa
Argentina,Chaco,La Sabana
Argentina,Chaco,La Tigra
Argentina,Chaco,La Verde
Argentina,Chaco,Laguna Blanca
Argentina,Chaco,Laguna Limpia
Argentina,Chaco,Lapachito
Argentina,Chaco,Las Breñas
Argentina,Chaco,Las Garcitas
Argentina,Chaco,Las Palmas
Argentina,Chaco,Los Frentones
Argentina,Chaco,Machagai
Argentina,Chaco,Makallé
Argentina,Chaco,Margarita Belén
Argentina,Chaco,Mesón de Fierro
Argentina,Chaco,Miraflores
Argentina,Chaco,Napalpí
Argentina,Chaco,Napenay
Argentina,Chaco,Nueva Pompeya
Argentina,Chaco,Pampa Almirón
Argentina,Chaco,Pampa del Indio
Argentina,Chaco,Pampa del Infierno
Argentina,Chaco,Pampa Landriel
Argentina,Chaco,Presidencia de la Plaza
Argentina,Chaco,Presidencia Roca
Argentina,Chaco,Presidencia Roque Sáenz Peña
Argentina,Chaco,Puerto Bermejo Nuevo
Argentina,Chaco,Puerto Bermejo Viejo
Argentina,Chaco,Puerto Eva Perón
Argentina,Chaco,Puerto Tirol
Argentina,Chaco,Puerto Vilelas
Argentina,Chaco,Quitilipi
Argentina,Chaco,Resistencia
Argentina,Chaco,Río Muerto
Argentina,Chaco,Samuhú
Argentina,Chaco,San Bernardo
Argentina,Chaco,Santa Sylvina
Argentina,Chaco,Selvas del Río de Oro
Argentina,Chaco,Taco Pozo
Argentina,Chaco,Tres Isletas
Argentina,Chaco,Venados Grandes
Argentina,Chaco,Villa Angela
Argentina,Chaco,Villa Berthet
Argentina,Chaco,Villa El Palmar
Argentina,Chaco,Villa Río Bermejito
Argentina,Chaco,Wichi
Argentina,Chaco,Zaparinqui
Argentina,Chubut,28 de Julio
Argentina,Chubut,Acceso Norte
Argentina,Chubut,Aldea Apeleg
Argentina,Chubut,Aldea Beleiro
Argentina,Chubut,Aldea Epulef
Argentina,Chubut,Aldea Escolar (Los Rápidos)
Argentina,Chubut,Alto Río Senguer
Argentina,Chubut,Arroyo Verde
Argentina,Chubut,Astra
Argentina,Chubut,Bahía Bustamante
Argentina,Chubut,Barrio 25 de Mayo
Argentina,Chubut,Barrio Caleta Córdova
Argentina,Chubut,Barrio Castelli
Argentina,Chubut,Barrio Ciudadela
Argentina,Chubut,Barrio Gasoducto
Argentina,Chubut,Barrio Güemes
Argentina,Chubut,Barrio Laprida
Argentina,Chubut,Barrio Manantial Rosales
Argentina,Chubut,Barrio Militar y Aeropuerto
Argentina,Chubut,Barrio Próspero Palazzo
Argentina,Chubut,Barrio Restinga Alí
Argentina,Chubut,Barrio Rodríguez Peña
Argentina,Chubut,Barrio Saavedra
Argentina,Chubut,Barrio Sarmiento
Argentina,Chubut,Barrio Villa S.U.P.E.
Argentina,Chubut,Blancuntre
Argentina,Chubut,Buen Pasto
Argentina,Chubut,Buenos Aires Chico
Argentina,Chubut,Caleta Olivares
Argentina,Chubut,Camarones
Argentina,Chubut,Carrenleufú
Argentina,Chubut,Cerro Cóndor
Argentina,Chubut,Cholila
Argentina,Chubut,Colan Conhué
Argentina,Chubut,Comodoro Rivadavia
Argentina,Chubut,Comodoro Rivadavia
Argentina,Chubut,Corcovado
Argentina,Chubut,Costa del Chubut
Argentina,Chubut,Cushamen Centro
Argentina,Chubut,Diadema Argentina
Argentina,Chubut,Dique Florentino Ameghino
Argentina,Chubut,Doctor Oscar Atilio Viglione (Frontera de Río Pico)
Argentina,Chubut,Doctor Ricardo Rojas
Argentina,Chubut,Dolavon
Argentina,Chubut,El Escorial
Argentina,Chubut,El Hoyo
Argentina,Chubut,El Maitén
Argentina,Chubut,El Mirasol
Argentina,Chubut,Epuyén
Argentina,Chubut,Esquel
Argentina,Chubut,Facundo
Argentina,Chubut,Fofo Cahuel
Argentina,Chubut,Gaiman
Argentina,Chubut,Gan Gan
Argentina,Chubut,Garayalde
Argentina,Chubut,Gastre
Argentina,Chubut,Gobernador Costa
Argentina,Chubut,Gualjaina
Argentina,Chubut,José de San Martín
Argentina,Chubut,Kilómetro 11 - Cuarteles
Argentina,Chubut,Kilómetro 3 - General Mosconi
Argentina,Chubut,Kilómetro 5 - Presidente Ortíz
Argentina,Chubut,Kilómetro 8 - Don Bosco
Argentina,Chubut,Lago Blanco
Argentina,Chubut,Lago Epuyén
Argentina,Chubut,Lago Puelo
Argentina,Chubut,Lago Rosario
Argentina,Chubut,Lagunita Salada
Argentina,Chubut,Las Plumas
Argentina,Chubut,Leleque
Argentina,Chubut,Los Altares
Argentina,Chubut,Los Cipreses
Argentina,Chubut,Paso de Indios
Argentina,Chubut,Paso del Sapo
Argentina,Chubut,Playa Magagna
Argentina,Chubut,Playa Unión
Argentina,Chubut,Puerto Madryn
Argentina,Chubut,Puerto Pirámides
Argentina,Chubut,Quintas El Mirador
Argentina,Chubut,Rada Tilly
Argentina,Chubut,Rawson
Argentina,Chubut,Reserva Area Protegida El Doradillo
Argentina,Chubut,Río Mayo
Argentina,Chubut,Río Pico
Argentina,Chubut,Sarmiento
Argentina,Chubut,Tecka
Argentina,Chubut,Telsen
Argentina,Chubut,Trelew
Argentina,Chubut,Trevelín
Argentina,Chubut,Villa Futalaufquen
Argentina,Chubut,Yala Laubat
Argentina,Ciudad Autónoma de Buenos Aires,Agronomía
Argentina,Ciudad Autónoma de Buenos Aires,Almagro
Argentina,Ciudad Autónoma de Buenos Aires,Balvanera
Argentina,Ciudad Autónoma de Buenos Aires,Barracas
Argentina,Ciudad Autónoma de Buenos Aires,Belgrano
Argentina,Ciudad Autónoma de Buenos Aires,Boca
Argentina,Ciudad Autónoma de Buenos Aires,Boedo
Argentina,Ciudad Autónoma de Buenos Aires,Caballito
Argentina,Ciudad Autónoma de Buenos Aires,Chacarita
Argentina,Ciudad Autónoma de Buenos Aires,Ciudad de Buenos Aires
Argentina,Ciudad Autónoma de Buenos Aires,Coghlan
Argentina,Ciudad Autónoma de Buenos Aires,Colegiales
Argentina,Ciudad Autónoma de Buenos Aires,Constitución
Argentina,Ciudad Autónoma de Buenos Aires,Flores
Argentina,Ciudad Autónoma de Buenos Aires,Floresta
Argentina,Ciudad Autónoma de Buenos Aires,Liniers
Argentina,Ciudad Autónoma de Buenos Aires,Mataderos
Argentina,Ciudad Autónoma de Buenos Aires,Monserrat
Argentina,Ciudad Autónoma de Buenos Aires,Monte Castro
Argentina,Ciudad Autónoma de Buenos Aires,Nueva Pompeya
Argentina,Ciudad Autónoma de Buenos Aires,Nuñez
Argentina,Ciudad Autónoma de Buenos Aires,Palermo
Argentina,Ciudad Autónoma de Buenos Aires,Parque Avellaneda
Argentina,Ciudad Autónoma de Buenos Aires,Parque Chacabuco
Argentina,Ciudad Autónoma de Buenos Aires,Parque Chas
Argentina,Ciudad Autónoma de Buenos Aires,Parque Patricios
Argentina,Ciudad Autónoma de Buenos Aires,Paternal
Argentina,Ciudad Autónoma de Buenos Aires,Puerto Madero
Argentina,Ciudad Autónoma de Buenos Aires,Recoleta
Argentina,Ciudad Autónoma de Buenos Aires,Retiro
Argentina,Ciudad Autónoma de Buenos Aires,Saavedra
Argentina,Ciudad Autónoma de Buenos Aires,San Cristóbal
Argentina,Ciudad Autónoma de Buenos Aires,San Nicolás
Argentina,Ciudad Autónoma de Buenos Aires,San Telmo
Argentina,Ciudad Autónoma de Buenos Aires,Vélez Sarsfield
Argentina,Ciudad Autónoma de Buenos Aires,Versalles
Argentina,Ciudad Autónoma de Buenos Aires,Villa Crespo
Argentina,Ciudad Autónoma de Buenos Aires,Villa del Parque
Argentina,Ciudad Autónoma de Buenos Aires,Villa Devoto
Argentina,Ciudad Autónoma de Buenos Aires,Villa General Mitre
Argentina,Ciudad Autónoma de Buenos Aires,Villa Lugano
Argentina,Ciudad Autónoma de Buenos Aires,Villa Luro
Argentina,Ciudad Autónoma de Buenos Aires,Villa Ortúzar
Argentina,Ciudad Autónoma de Buenos Aires,Villa Pueyrredón
Argentina,Ciudad Autónoma de Buenos Aires,Villa Real
Argentina,Ciudad Autónoma de Buenos Aires,Villa Riachuelo
Argentina,Ciudad Autónoma de Buenos Aires,Villa Santa Rita
Argentina,Ciudad Autónoma de Buenos Aires,Villa Soldati
Argentina,Ciudad Autónoma de Buenos Aires,Villa Urquiza
Argentina,Córdoba,1° de Agosto
Argentina,Córdoba,Achiras
Argentina,Córdoba,Adelia María
Argentina,Córdoba,Agua de Oro
Argentina,Córdoba,Alcira Gigena
Argentina,Córdoba,Aldea Santa María
Argentina,Córdoba,Alejandro Roca
Argentina,Córdoba,Alejo Ledesma
Argentina,Córdoba,Alicia
Argentina,Córdoba,Allmirante Brown
Argentina,Córdoba,Almafuerte
Argentina,Córdoba,Alpa Corral
Argentina,Córdoba,Alta Gracia
Argentina,Córdoba,Alto Alegre
Argentina,Córdoba,Alto de los Quebrachos
Argentina,Córdoba,Alto Resbaloso - El Barrial
Argentina,Córdoba,Altos de Chipión
Argentina,Córdoba,Amboy
Argentina,Córdoba,Ambul
Argentina,Córdoba,Ana Zumarán
Argentina,Córdoba,Anisacate
Argentina,Córdoba,Arias
Argentina,Córdoba,Arroyito
Argentina,Córdoba,Arroyo Algodón
Argentina,Córdoba,Arroyo Cabral
Argentina,Córdoba,Arroyo Los Patos
Argentina,Córdoba,Arroyo San Antonio
Argentina,Córdoba,Ascochinga
Argentina,Córdoba,Assunta
Argentina,Córdoba,Atahona
Argentina,Córdoba,Ausonia
Argentina,Córdoba,Avellaneda
Argentina,Córdoba,Ballesteros
Argentina,Córdoba,Ballesteros Sud
Argentina,Córdoba,Balnearia
Argentina,Córdoba,Bañado de Soto
Argentina,Córdoba,Barrio Gilbert
Argentina,Córdoba,Barrio Gilbert (1º de Mayo) - Tejas Tres
Argentina,Córdoba,Barrio Villa del Parque
Argentina,Córdoba,Bell Ville
Argentina,Córdoba,Bengolea
Argentina,Córdoba,Benjamín Gould
Argentina,Córdoba,Berrotarán
Argentina,Córdoba,Bialet Massé
Argentina,Córdoba,Bialet Massé
Argentina,Córdoba,Bouwer
Argentina,Córdoba,Brinkmann
Argentina,Córdoba,Bulnes
Argentina,Córdoba,Cabalango
Argentina,Córdoba,Calchín
Argentina,Córdoba,Calchín Oeste
Argentina,Córdoba,Camilo Aldao
Argentina,Córdoba,Caminiaga
Argentina,Córdoba,Canals
Argentina,Córdoba,Candelaria Sur
Argentina,Córdoba,Cañada de Luque
Argentina,Córdoba,Cañada de Machado
Argentina,Córdoba,Cañada de Río Pinto
Argentina,Córdoba,Cañada del Sauce
Argentina,Córdoba,Capilla de los Remedios
Argentina,Córdoba,Capilla de Sitón
Argentina,Córdoba,Capilla del Carmen
Argentina,Córdoba,Capilla del Monte
Argentina,Córdoba,Capitán General Bernardo O'Higgins
Argentina,Córdoba,Carnerillo
Argentina,Córdoba,Carrilobo
Argentina,Córdoba,Casa Grande
Argentina,Córdoba,Caseros Centro
Argentina,Córdoba,Cavanagh
Argentina,Córdoba,Cerro Colorado
Argentina,Córdoba,Chaján
Argentina,Córdoba,Chalacea
Argentina,Córdoba,Chancani
Argentina,Córdoba,Chañar Viejo
Argentina,Córdoba,Charbonier
Argentina,Córdoba,Charras
Argentina,Córdoba,Chazón
Argentina,Córdoba,Chilibroste
Argentina,Córdoba,Chucul
Argentina,Córdoba,Chuña
Argentina,Córdoba,Chuña Huasi
Argentina,Córdoba,Churqui Cañada
Argentina,Córdoba,Ciénaga del Coro
Argentina,Córdoba,Cintra
Argentina,Córdoba,Ciudad de los Niños
Argentina,Córdoba,Colazo
Argentina,Córdoba,Colonia 10 de Julio
Argentina,Córdoba,Colonia Almada
Argentina,Córdoba,Colonia Anita
Argentina,Córdoba,Colonia Barge
Argentina,Córdoba,Colonia Bismarck
Argentina,Córdoba,Colonia Bremen
Argentina,Córdoba,Colonia Caroya
Argentina,Córdoba,Colonia Italiana
Argentina,Córdoba,Colonia Iturraspe
Argentina,Córdoba,Colonia Las Cuatro Esquinas
Argentina,Córdoba,Colonia Las Pichanas
Argentina,Córdoba,Colonia Marina
Argentina,Córdoba,Colonia Prosperidad
Argentina,Córdoba,Colonia San Bartolomé
Argentina,Córdoba,Colonia San Pedro
Argentina,Córdoba,Colonia Santa María
Argentina,Córdoba,Colonia Tirolesa
Argentina,Córdoba,Colonia Valtelina
Argentina,Córdoba,Colonia Veinticinco
Argentina,Córdoba,Colonia Vicente Agüero
Argentina,Córdoba,Colonia Videla
Argentina,Córdoba,Colonia Vignaud
Argentina,Córdoba,Conlara
Argentina,Córdoba,Copacabana
Argentina,Córdoba,Córdoba
Argentina,Córdoba,Córdoba
Argentina,Córdoba,Coronel Baigorria
Argentina,Córdoba,Coronel Moldes
Argentina,Córdoba,Corral de Bustos
Argentina,Córdoba,Corralito
Argentina,Córdoba,Cosquín
Argentina,Córdoba,Costasacate
Argentina,Córdoba,Cruz Alta
Argentina,Córdoba,Cruz de Caña
Argentina,Córdoba,Cruz del Eje
Argentina,Córdoba,Cuesta Blanca
Argentina,Córdoba,Dalmacio Vélez
Argentina,Córdoba,Deán Funes
Argentina,Córdoba,Del Campillo
Argentina,Córdoba,Despeñaderos
Argentina,Córdoba,Devoto
Argentina,Córdoba,Diego de Rojas
Argentina,Córdoba,Dique Chico
Argentina,Córdoba,Dumesnil
Argentina,Córdoba,El Alcalde
Argentina,Córdoba,El Arañado
Argentina,Córdoba,El Brete
Argentina,Córdoba,El Chacho
Argentina,Córdoba,El Corcovado - El Torreón
Argentina,Córdoba,El Crispín
Argentina,Córdoba,El Diquecito
Argentina,Córdoba,El Durazno
Argentina,Córdoba,El Fortín
Argentina,Córdoba,El Fuertecito
Argentina,Córdoba,El Manzano
Argentina,Córdoba,El Pueblito
Argentina,Córdoba,El Pueblito
Argentina,Córdoba,El Rastreador
Argentina,Córdoba,El Rodeo
Argentina,Córdoba,El Tío
Argentina,Córdoba,El Tuscal
Argentina,Córdoba,El Valle
Argentina,Córdoba,Elena
Argentina,Córdoba,Embalse
Argentina,Córdoba,Esquina
Argentina,Córdoba,Estación Lecueder
Argentina,Córdoba,Estación Luxardo
Argentina,Córdoba,Estancia de Guadalupe
Argentina,Córdoba,Estancia Vieja
Argentina,Córdoba,Etruria
Argentina,Córdoba,Eufrasio Loza
Argentina,Córdoba,Falda del Cañete
Argentina,Córdoba,Falda del Carmen
Argentina,Córdoba,Freyre
Argentina,Córdoba,General Baldissera
Argentina,Córdoba,General Cabrera
Argentina,Córdoba,General Deheza
Argentina,Córdoba,General Fotheringham
Argentina,Córdoba,General Levalle
Argentina,Córdoba,General Paz
Argentina,Córdoba,General Roca
Argentina,Córdoba,Guanaco Muerto
Argentina,Córdoba,Guasapampa
Argentina,Córdoba,Guatimozín
Argentina,Córdoba,Guiñazú Norte
Argentina,Córdoba,Gutemberg
Argentina,Córdoba,Hernando
Argentina,Córdoba,Hipólito Bouchard
Argentina,Córdoba,Huanchillas
Argentina,Córdoba,Huerta Grande
Argentina,Córdoba,Huinca Renancó
Argentina,Córdoba,Idiazabal
Argentina,Córdoba,Impira
Argentina,Córdoba,Inriville
Argentina,Córdoba,Isla Verde
Argentina,Córdoba,Italó
Argentina,Córdoba,James Craik
Argentina,Córdoba,Jardín Arenales
Argentina,Córdoba,Jesús María
Argentina,Córdoba,José de la Quintana
Argentina,Córdoba,Juárez Celman
Argentina,Córdoba,Justiniano Posse
Argentina,Córdoba,Kilómetro 658
Argentina,Córdoba,La Batea
Argentina,Córdoba,La Boca del Río
Argentina,Córdoba,La Calera
Argentina,Córdoba,La Calera
Argentina,Córdoba,La Carlota
Argentina,Córdoba,La Carolina
Argentina,Córdoba,La Cautiva
Argentina,Córdoba,La Cesira
Argentina,Córdoba,La Cruz
Argentina,Córdoba,La Cumbre
Argentina,Córdoba,La Cumbrecita
Argentina,Córdoba,La Donosa
Argentina,Córdoba,La Falda
Argentina,Córdoba,La Floresta
Argentina,Córdoba,La Francia
Argentina,Córdoba,La Gilda
Argentina,Córdoba,La Granja
Argentina,Córdoba,La Higuera
Argentina,Córdoba,La Laguna
Argentina,Córdoba,La Paisanita
Argentina,Córdoba,La Palestina
Argentina,Córdoba,La Pampa
Argentina,Córdoba,La Paquita
Argentina,Córdoba,La Para
Argentina,Córdoba,La Paz
Argentina,Córdoba,La Playa
Argentina,Córdoba,La Playosa
Argentina,Córdoba,La Población
Argentina,Córdoba,La Posta
Argentina,Córdoba,La Puerta
Argentina,Córdoba,La Puerta
Argentina,Córdoba,La Quinta
Argentina,Córdoba,La Rancherita y Las Cascadas
Argentina,Córdoba,La Rinconada
Argentina,Córdoba,La Serranita
Argentina,Córdoba,La Tordilla
Argentina,Córdoba,La Travesía
Argentina,Córdoba,Laborde
Argentina,Córdoba,Laboulaye
Argentina,Córdoba,Laguna Larga
Argentina,Córdoba,Las Acequias
Argentina,Córdoba,Las Albahacas
Argentina,Córdoba,Las Arrias
Argentina,Córdoba,Las Bajadas
Argentina,Córdoba,Las Caleras
Argentina,Córdoba,Las Calles
Argentina,Córdoba,Las Cañadas
Argentina,Córdoba,Las Chacras
Argentina,Córdoba,Las Gramillas
Argentina,Córdoba,Las Higueras
Argentina,Córdoba,Las Isletillas
Argentina,Córdoba,Las Jarillas
Argentina,Córdoba,Las Junturas
Argentina,Córdoba,Las Mojarras
Argentina,Córdoba,Las Palmas
Argentina,Córdoba,Las Peñas
Argentina,Córdoba,Las Peñas
Argentina,Córdoba,Las Perdices
Argentina,Córdoba,Las Playas
Argentina,Córdoba,Las Quintas
Argentina,Córdoba,Las Rabonas
Argentina,Córdoba,Las Saladas
Argentina,Córdoba,Las Tapias
Argentina,Córdoba,Las Varas
Argentina,Córdoba,Las Varillas
Argentina,Córdoba,Las Vertientes
Argentina,Córdoba,Leguizamón
Argentina,Córdoba,Leones
Argentina,Córdoba,Los Cedros
Argentina,Córdoba,Los Cedros
Argentina,Córdoba,Los Cerrillos
Argentina,Córdoba,Los Chañaritos
Argentina,Córdoba,Los Chañaritos
Argentina,Córdoba,Los Cisnes
Argentina,Córdoba,Los Cocos
Argentina,Córdoba,Los Cóndores
Argentina,Córdoba,Los Hornillos
Argentina,Córdoba,Los Hoyos
Argentina,Córdoba,Los Mistoles
Argentina,Córdoba,Los Molinos
Argentina,Córdoba,Los Molinos
Argentina,Córdoba,Los Pozos
Argentina,Córdoba,Los Reartes
Argentina,Córdoba,Los Surgentes
Argentina,Córdoba,Los Talares
Argentina,Córdoba,Los Zorros
Argentina,Córdoba,Lozada
Argentina,Córdoba,Luca
Argentina,Córdoba,Lucio V. Mansilla
Argentina,Córdoba,Luque
Argentina,Córdoba,Lutti
Argentina,Córdoba,Luyaba
Argentina,Córdoba,Malagueño
Argentina,Córdoba,Malena
Argentina,Córdoba,Mallín
Argentina,Córdoba,Malvinas Argentinas
Argentina,Córdoba,Manfredi
Argentina,Córdoba,Maquinista Gallini
Argentina,Córdoba,Marcos Juárez
Argentina,Córdoba,Marull
Argentina,Córdoba,Matorrales
Argentina,Córdoba,Mattaldi
Argentina,Córdoba,Mayu Sumaj
Argentina,Córdoba,Media Naranja
Argentina,Córdoba,Melo
Argentina,Córdoba,Mendiolaza
Argentina,Córdoba,Mi Granja
Argentina,Córdoba,Mi Valle
Argentina,Córdoba,Mina Clavero
Argentina,Córdoba,Miramar
Argentina,Córdoba,Monte Buey
Argentina,Córdoba,Monte de los Gauchos
Argentina,Córdoba,Monte del Rosario
Argentina,Córdoba,Monte Leña
Argentina,Córdoba,Monte Maíz
Argentina,Córdoba,Monte Ralo
Argentina,Córdoba,Montecristo
Argentina,Córdoba,Morrison
Argentina,Córdoba,Morteros
Argentina,Córdoba,Mussi
Argentina,Córdoba,Nicolás Bruzzone
Argentina,Córdoba,Noetinger
Argentina,Córdoba,Nono
Argentina,Córdoba,Obispo Trejo
Argentina,Córdoba,Olaeta
Argentina,Córdoba,Oliva
Argentina,Córdoba,Olivares de San Nicolás
Argentina,Córdoba,Onagoity
Argentina,Córdoba,Oncativo
Argentina,Córdoba,Ordoñez
Argentina,Córdoba,Pacheco de Melo
Argentina,Córdoba,Pampayasta Norte
Argentina,Córdoba,Pampayasta Sud
Argentina,Córdoba,Panaholma
Argentina,Córdoba,Parque Calmayo
Argentina,Córdoba,Parque Norte
Argentina,Córdoba,Parque Norte - Ciudad de los Niños - Guiñazú Norte
Argentina,Córdoba,Pascanas
Argentina,Córdoba,Pasco
Argentina,Córdoba,Paso del Durazno
Argentina,Córdoba,Paso Viejo
Argentina,Córdoba,Pilar
Argentina,Córdoba,Pincén
Argentina,Córdoba,Piquillín
Argentina,Córdoba,Plaza de Mercedes
Argentina,Córdoba,Plaza Luxardo
Argentina,Córdoba,Plaza San Francisco
Argentina,Córdoba,Porteña
Argentina,Córdoba,Potrero de Garay
Argentina,Córdoba,Pozo del Molle
Argentina,Córdoba,Pozo Nuevo
Argentina,Córdoba,Pueblo Comechingones
Argentina,Córdoba,Pueblo Italiano
Argentina,Córdoba,Puesto de Castro
Argentina,Córdoba,Punta del Agua
Argentina,Córdoba,Quebracho Herrado
Argentina,Córdoba,Quilino
Argentina,Córdoba,Rafael García
Argentina,Córdoba,Ramón J. Cárcano
Argentina,Córdoba,Ranqueles
Argentina,Córdoba,Rayo Cortado
Argentina,Córdoba,Rincón
Argentina,Córdoba,Río Bamba
Argentina,Córdoba,Río Ceballos
Argentina,Córdoba,Río Cuarto
Argentina,Córdoba,Río de los Sauces
Argentina,Córdoba,Río Primero
Argentina,Córdoba,Río Segundo
Argentina,Córdoba,Río Tercero
Argentina,Córdoba,Rosales
Argentina,Córdoba,Rosario del Saladillo
Argentina,Córdoba,Sacanta
Argentina,Córdoba,Sagrada Familia
Argentina,Córdoba,Saira
Argentina,Córdoba,Saladillo
Argentina,Córdoba,Saldán
Argentina,Córdoba,Salsacate
Argentina,Córdoba,Salsipuedes
Argentina,Córdoba,Salsipuedes
Argentina,Córdoba,Sampacho
Argentina,Córdoba,San Agustín
Argentina,Córdoba,San Antonio de Arredondo
Argentina,Córdoba,San Antonio de Litín
Argentina,Córdoba,San Basilio
Argentina,Córdoba,San Carlos Minas
Argentina,Córdoba,San Clemente
Argentina,Córdoba,San Esteban
Argentina,Córdoba,San Francisco
Argentina,Córdoba,San Francisco del Chañar
Argentina,Córdoba,San Gerónimo
Argentina,Córdoba,San Ignacio (Loteo San Javier)
Argentina,Córdoba,San Ignacio (Loteo Vélez Crespo)
Argentina,Córdoba,San Javier y Yacanto
Argentina,Córdoba,San Joaquín
Argentina,Córdoba,San José
Argentina,Córdoba,San José de la Dormida
Argentina,Córdoba,San José de las Salinas
Argentina,Córdoba,San Lorenzo
Argentina,Córdoba,San Marcos
Argentina,Córdoba,San Marcos Sierra
Argentina,Córdoba,San Martín
Argentina,Córdoba,San Pedro
Argentina,Córdoba,San Pedro de Gütemberg
Argentina,Córdoba,San Pedro de Toyos
Argentina,Córdoba,San Pedro Norte
Argentina,Córdoba,San Roque
Argentina,Córdoba,San Roque del Lago
Argentina,Córdoba,San Severo
Argentina,Córdoba,San Vicente
Argentina,Córdoba,Sanabria
Argentina,Córdoba,Santa Catalina
Argentina,Córdoba,Santa Catalina Holmberg
Argentina,Córdoba,Santa Elena
Argentina,Córdoba,Santa Eufemia
Argentina,Córdoba,Santa Magdalena
Argentina,Córdoba,Santa María de Punilla
Argentina,Córdoba,Santa Mónica
Argentina,Córdoba,Santa Rosa de Calamuchita
Argentina,Córdoba,Santa Rosa de Calamuchita
Argentina,Córdoba,Santa Rosa de Río Primero
Argentina,Córdoba,Santiago Temple
Argentina,Córdoba,Sarmiento
Argentina,Córdoba,Saturnino María Laspiur
Argentina,Córdoba,Sauce Arriba
Argentina,Córdoba,Sebastián Elcano
Argentina,Córdoba,Seeber
Argentina,Córdoba,Segunda Usina
Argentina,Córdoba,Serrano
Argentina,Córdoba,Serrezuela
Argentina,Córdoba,Silvio Pellico
Argentina,Córdoba,Simbolar
Argentina,Córdoba,Sinsacate
Argentina,Córdoba,Socavones
Argentina,Córdoba,Solar de los Molinos
Argentina,Córdoba,Suco
Argentina,Córdoba,Tala Cañada
Argentina,Córdoba,Tala Huasi
Argentina,Córdoba,Talaini
Argentina,Córdoba,Tancacha
Argentina,Córdoba,Tanti
Argentina,Córdoba,Tejas Tres
Argentina,Córdoba,Ticino
Argentina,Córdoba,Tinoco
Argentina,Córdoba,Tío Pujio
Argentina,Córdoba,Toledo
Argentina,Córdoba,Toro Pujio
Argentina,Córdoba,Tosno
Argentina,Córdoba,Tosquitas
Argentina,Córdoba,Tránsito
Argentina,Córdoba,Tuclame
Argentina,Córdoba,Ucacha
Argentina,Córdoba,Unquillo
Argentina,Córdoba,Va.Ciudad Pque.Los Reartes (1° Sección)
Argentina,Córdoba,Va.Ciudad Pque.Los Reartes (3° Sección)
Argentina,Córdoba,Valle de Anisacate
Argentina,Córdoba,Valle Hermoso
Argentina,Córdoba,Viamonte
Argentina,Córdoba,Vicuña Mackenna
Argentina,Córdoba,Villa Allende
Argentina,Córdoba,Villa Alpina
Argentina,Córdoba,Villa Amancay
Argentina,Córdoba,Villa Ascasubi
Argentina,Córdoba,Villa Berna
Argentina,Córdoba,Villa Candelaria
Argentina,Córdoba,Villa Carlos Paz
Argentina,Córdoba,Villa Cerro Azul
Argentina,Córdoba,Villa Ciudad de América
Argentina,Córdoba,Villa Ciudad de América
Argentina,Córdoba,Villa Ciudad Parque Los Reartes
Argentina,Córdoba,Villa Ciudad Parque Los Reartes
Argentina,Córdoba,Villa Concepción del Tío
Argentina,Córdoba,Villa Corazón de María
Argentina,Córdoba,Villa Cura Brochero
Argentina,Córdoba,Villa de las Rosas
Argentina,Córdoba,Villa de las Rosas
Argentina,Córdoba,Villa de María
Argentina,Córdoba,Villa de Pocho
Argentina,Córdoba,Villa de Soto
Argentina,Córdoba,Villa del Dique
Argentina,Córdoba,Villa del Prado
Argentina,Córdoba,Villa del Prado
Argentina,Córdoba,Villa del Rosario
Argentina,Córdoba,Villa del Totoral
Argentina,Córdoba,Villa del Tránsito
Argentina,Córdoba,Villa Dolores
Argentina,Córdoba,Villa El Chacay
Argentina,Córdoba,Villa El Tala
Argentina,Córdoba,Villa Elisa
Argentina,Córdoba,Villa Flor Serrana
Argentina,Córdoba,Villa Fontana
Argentina,Córdoba,Villa General Belgrano
Argentina,Córdoba,Villa Giardino
Argentina,Córdoba,Villa Gutiérrez
Argentina,Córdoba,Villa Huidobro
Argentina,Córdoba,Villa La Bolsa
Argentina,Córdoba,Villa La Rivera
Argentina,Córdoba,Villa La Viña
Argentina,Córdoba,Villa Lago Azul
Argentina,Córdoba,Villa Los Aromos
Argentina,Córdoba,Villa Los Llanos
Argentina,Córdoba,Villa Los Llanos - Juárez Celman
Argentina,Córdoba,Villa Los Patos
Argentina,Córdoba,Villa María
Argentina,Córdoba,Villa Nueva
Argentina,Córdoba,Villa Oeste
Argentina,Córdoba,Villa Parque Santa Ana
Argentina,Córdoba,Villa Parque Santa Ana
Argentina,Córdoba,Villa Parque Siquimán
Argentina,Córdoba,Villa Pastora
Argentina,Córdoba,Villa Quillinzo
Argentina,Córdoba,Villa Reducción
Argentina,Córdoba,Villa Río Icho Cruz
Argentina,Córdoba,Villa Rossi
Argentina,Córdoba,Villa Rumipal
Argentina,Córdoba,Villa San Esteban
Argentina,Córdoba,Villa San Isidro
Argentina,Córdoba,Villa San Miguel
Argentina,Córdoba,Villa Santa Cruz del Lago
Argentina,Córdoba,Villa Sarmiento
Argentina,Córdoba,Villa Sarmiento
Argentina,Córdoba,Villa Tulumba
Argentina,Córdoba,Villa Valeria
Argentina,Córdoba,Villa Yacanto
Argentina,Córdoba,Washington
Argentina,Córdoba,Wenceslao Escalante
Argentina,Corrientes,9 de Julio
Argentina,Corrientes,Alvear
Argentina,Corrientes,Bella Vista
Argentina,Corrientes,Berón de Astrada
Argentina,Corrientes,Bonpland
Argentina,Corrientes,Carolina
Argentina,Corrientes,Cazadores Correntinos
Argentina,Corrientes,Chavarría
Argentina,Corrientes,Colonia Carlos Pellegrini
Argentina,Corrientes,Colonia Libertad
Argentina,Corrientes,Colonia Liebig's
Argentina,Corrientes,Colonia Pando
Argentina,Corrientes,Concepción
Argentina,Corrientes,Corrientes
Argentina,Corrientes,Cruz de los Milagros
Argentina,Corrientes,Curuzú Cuatiá
Argentina,Corrientes,El Sombrero
Argentina,Corrientes,Empedrado
Argentina,Corrientes,Esquina
Argentina,Corrientes,Estación Libertad
Argentina,Corrientes,Estación Torrent
Argentina,Corrientes,Felipe Yofré
Argentina,Corrientes,Garruchos
Argentina,Corrientes,Gobernador Igr. Valentín Virasoro
Argentina,Corrientes,Gobernador Juan E. Martínez
Argentina,Corrientes,Goya
Argentina,Corrientes,Guaviraví
Argentina,Corrientes,Ingenio Primer Correntino
Argentina,Corrientes,Itá Ibaté
Argentina,Corrientes,Itatí
Argentina,Corrientes,Ituzaingó
Argentina,Corrientes,José Rafael Gómez
Argentina,Corrientes,Juan Pujol
Argentina,Corrientes,La Cruz
Argentina,Corrientes,Lavalle
Argentina,Corrientes,Lomas de Vallejos
Argentina,Corrientes,Loreto
Argentina,Corrientes,Mariano I. Loza
Argentina,Corrientes,Mburucuyá
Argentina,Corrientes,Mercedes
Argentina,Corrientes,Mocoretá
Argentina,Corrientes,Monte Caseros
Argentina,Corrientes,Nuestra Señora del Rosario de Caá Catí
Argentina,Corrientes,Palmar Grande
Argentina,Corrientes,Parada Acuña
Argentina,Corrientes,Parada Labougle
Argentina,Corrientes,Parada Pucheta
Argentina,Corrientes,Paso de la Patria
Argentina,Corrientes,Paso de los Libres
Argentina,Corrientes,Pedro R. Fernández
Argentina,Corrientes,Perugorría
Argentina,Corrientes,Pueblo Libertador
Argentina,Corrientes,Ramada Paso
Argentina,Corrientes,Riachuelo
Argentina,Corrientes,Saladas
Argentina,Corrientes,San Antonio
Argentina,Corrientes,San Carlos
Argentina,Corrientes,San Cayetano
Argentina,Corrientes,San Cosme
Argentina,Corrientes,San Lorenzo
Argentina,Corrientes,San Luis del Palmar
Argentina,Corrientes,San Miguel
Argentina,Corrientes,San Roque
Argentina,Corrientes,Santa Ana
Argentina,Corrientes,Santa Lucía
Argentina,Corrientes,Santa Rosa
Argentina,Corrientes,Santo Tomé
Argentina,Corrientes,Sauce
Argentina,Corrientes,Tabay
Argentina,Corrientes,Tapebicuá
Argentina,Corrientes,Tatacua
Argentina,Corrientes,Villa Córdoba
Argentina,Corrientes,Villa Olivari
Argentina,Corrientes,Yahapé
Argentina,Corrientes,Yapeyú
Argentina,Corrientes,Yatayti Calle
Argentina,Entre Ríos,1º de Mayo
Argentina,Entre Ríos,Alcaraz
Argentina,Entre Ríos,Aldea Asunción
Argentina,Entre Ríos,Aldea Brasilera
Argentina,Entre Ríos,Aldea Grapschental
Argentina,Entre Ríos,Aldea María Luisa
Argentina,Entre Ríos,Aldea Protestante
Argentina,Entre Ríos,Aldea Salto
Argentina,Entre Ríos,Aldea San Antonio
Argentina,Entre Ríos,Aldea San Francisco
Argentina,Entre Ríos,Aldea San Isidro (El Cimarrón)
Argentina,Entre Ríos,Aldea San Juan
Argentina,Entre Ríos,Aldea San Juan
Argentina,Entre Ríos,Aldea San Rafael
Argentina,Entre Ríos,Aldea Santa María
Argentina,Entre Ríos,Aldea Santa Rosa
Argentina,Entre Ríos,Aldea Spatzenkutter
Argentina,Entre Ríos,Aldea Valle María
Argentina,Entre Ríos,Altamirano Sur
Argentina,Entre Ríos,Antelo
Argentina,Entre Ríos,Aranguren
Argentina,Entre Ríos,Arroyo Barú
Argentina,Entre Ríos,Basavilbaso
Argentina,Entre Ríos,Benito Legerén
Argentina,Entre Ríos,Betbeder
Argentina,Entre Ríos,Bovril
Argentina,Entre Ríos,Calabacilla
Argentina,Entre Ríos,Caseros
Argentina,Entre Ríos,Ceibas
Argentina,Entre Ríos,Cerrito
Argentina,Entre Ríos,Cerrito
Argentina,Entre Ríos,Chajarí
Argentina,Entre Ríos,Clodomiro Ledesma
Argentina,Entre Ríos,Colón
Argentina,Entre Ríos,Colonia Alemana
Argentina,Entre Ríos,Colonia Avellaneda
Argentina,Entre Ríos,Colonia Avigdor
Argentina,Entre Ríos,Colonia Ayuí
Argentina,Entre Ríos,Colonia Crespo
Argentina,Entre Ríos,Colonia Elía
Argentina,Entre Ríos,Colonia Ensayo
Argentina,Entre Ríos,Colonia General Roca
Argentina,Entre Ríos,Colonia Hugues
Argentina,Entre Ríos,Colonia La Argentina
Argentina,Entre Ríos,Concepción del Uruguay
Argentina,Entre Ríos,Concordia
Argentina,Entre Ríos,Concordia
Argentina,Entre Ríos,Conscripto Bernardi
Argentina,Entre Ríos,Crespo
Argentina,Entre Ríos,Diamante
Argentina,Entre Ríos,Diamante
Argentina,Entre Ríos,Don Cristóbal
Argentina,Entre Ríos,Durazno
Argentina,Entre Ríos,El Brillante
Argentina,Entre Ríos,El Colorado
Argentina,Entre Ríos,El Palenque
Argentina,Entre Ríos,El Pingo
Argentina,Entre Ríos,El Ramblón
Argentina,Entre Ríos,El Solar
Argentina,Entre Ríos,Enrique Carbó
Argentina,Entre Ríos,Estación Arroyo Clé
Argentina,Entre Ríos,Estación Camps
Argentina,Entre Ríos,Estación Escriña
Argentina,Entre Ríos,Estación Lazo
Argentina,Entre Ríos,Estación Puiggari
Argentina,Entre Ríos,Estación Raíces
Argentina,Entre Ríos,Estación Yeruá
Argentina,Entre Ríos,Estación Yuquerí
Argentina,Entre Ríos,Estancia Grande
Argentina,Entre Ríos,Faustino M. Parera
Argentina,Entre Ríos,Febré
Argentina,Entre Ríos,Federación
Argentina,Entre Ríos,Federal
Argentina,Entre Ríos,General Almada
Argentina,Entre Ríos,General Alvear
Argentina,Entre Ríos,General Campos
Argentina,Entre Ríos,General Galarza
Argentina,Entre Ríos,General Racedo (El Carmen)
Argentina,Entre Ríos,General Ramírez
Argentina,Entre Ríos,Gilbert
Argentina,Entre Ríos,Gobernador Echagüe
Argentina,Entre Ríos,Gobernador Mansilla
Argentina,Entre Ríos,Gobernador Solá
Argentina,Entre Ríos,Gualeguay
Argentina,Entre Ríos,Gualeguaychú
Argentina,Entre Ríos,Guardamonte
Argentina,Entre Ríos,Hambis
Argentina,Entre Ríos,Hasenkamp
Argentina,Entre Ríos,Hernandarias
Argentina,Entre Ríos,Hernández
Argentina,Entre Ríos,Herrera
Argentina,Entre Ríos,Hocker
Argentina,Entre Ríos,Ibicuy
Argentina,Entre Ríos,Ingeniero Miguel Sajaroff
Argentina,Entre Ríos,Irazusta
Argentina,Entre Ríos,Jubileo
Argentina,Entre Ríos,La Clarita
Argentina,Entre Ríos,La Criolla
Argentina,Entre Ríos,La Juanita
Argentina,Entre Ríos,La Paz
Argentina,Entre Ríos,La Picada
Argentina,Entre Ríos,Larroque
Argentina,Entre Ríos,Las Guachas
Argentina,Entre Ríos,Las Jaulas
Argentina,Entre Ríos,Las Moscas
Argentina,Entre Ríos,Las Tejas
Argentina,Entre Ríos,Las Tunas
Argentina,Entre Ríos,Líbaros
Argentina,Entre Ríos,Los Charrúas
Argentina,Entre Ríos,Los Conquistadores
Argentina,Entre Ríos,Lucas González
Argentina,Entre Ríos,Maciá
Argentina,Entre Ríos,María Grande
Argentina,Entre Ríos,Médanos
Argentina,Entre Ríos,Molino Doll
Argentina,Entre Ríos,Nogoyá
Argentina,Entre Ríos,Nueva Escocia
Argentina,Entre Ríos,Nueva Vizcaya
Argentina,Entre Ríos,Oro Verde
Argentina,Entre Ríos,Osvaldo Magnasco
Argentina,Entre Ríos,Paraje La Virgen
Argentina,Entre Ríos,Paraná
Argentina,Entre Ríos,Paso de la Laguna
Argentina,Entre Ríos,Pastor Britos
Argentina,Entre Ríos,Pedernal
Argentina,Entre Ríos,Piedras Blancas
Argentina,Entre Ríos,Pronunciamiento
Argentina,Entre Ríos,Pueblo Bellocq (Las Garzas)
Argentina,Entre Ríos,Pueblo Brugo
Argentina,Entre Ríos,Pueblo Cazes
Argentina,Entre Ríos,Pueblo General Belgrano
Argentina,Entre Ríos,Pueblo General San Martín
Argentina,Entre Ríos,Pueblo Liebig's
Argentina,Entre Ríos,Pueblo Moreno
Argentina,Entre Ríos,Puerto Las Cuevas
Argentina,Entre Ríos,Puerto Ruiz
Argentina,Entre Ríos,Puerto Yeruá
Argentina,Entre Ríos,Rocamora
Argentina,Entre Ríos,Rosario del Tala
Argentina,Entre Ríos,San Benito
Argentina,Entre Ríos,San Gustavo
Argentina,Entre Ríos,San Jaime de la Frontera
Argentina,Entre Ríos,San José
Argentina,Entre Ríos,San José
Argentina,Entre Ríos,San José de Feliciano
Argentina,Entre Ríos,San Pedro
Argentina,Entre Ríos,San Ramón
Argentina,Entre Ríos,San Salvador
Argentina,Entre Ríos,San Víctor
Argentina,Entre Ríos,Santa Ana
Argentina,Entre Ríos,Santa Anita
Argentina,Entre Ríos,Santa Elena
Argentina,Entre Ríos,Sauce de Luna
Argentina,Entre Ríos,Sauce Montrull
Argentina,Entre Ríos,Sauce Pinto
Argentina,Entre Ríos,Seguí
Argentina,Entre Ríos,Sir Leonard
Argentina,Entre Ríos,Sosa
Argentina,Entre Ríos,Strobel
Argentina,Entre Ríos,Tabossi
Argentina,Entre Ríos,Tezanos Pinto
Argentina,Entre Ríos,Ubajay
Argentina,Entre Ríos,Urdinarrain
Argentina,Entre Ríos,Viale
Argentina,Entre Ríos,Victoria
Argentina,Entre Ríos,Villa Adela
Argentina,Entre Ríos,Villa Clara
Argentina,Entre Ríos,Villa del Rosario
Argentina,Entre Ríos,Villa Domínguez
Argentina,Entre Ríos,Villa Elisa
Argentina,Entre Ríos,Villa Fontana
Argentina,Entre Ríos,Villa Gdor. Luis F. Etchevehere
Argentina,Entre Ríos,Villa Libertador San Martín
Argentina,Entre Ríos,Villa Libertador San Martín
Argentina,Entre Ríos,Villa Mantero
Argentina,Entre Ríos,Villa Paranacito
Argentina,Entre Ríos,Villa San Justo
Argentina,Entre Ríos,Villa San Marcial (Est. Gobernador Urquiza)
Argentina,Entre Ríos,Villa Urquiza
Argentina,Entre Ríos,Villa Zorraquín
Argentina,Entre Ríos,Villaguay
Argentina,Entre Ríos,XX de Setiembre
Argentina,Formosa,Banco Payaguá
Argentina,Formosa,Bartolomé de las Casas
Argentina,Formosa,Bartolomé de las Casas
Argentina,Formosa,Buena Vista
Argentina,Formosa,Clorinda
Argentina,Formosa,Colonia Campo Villafañe
Argentina,Formosa,Colonia Pastoril
Argentina,Formosa,Colonia Sarmiento
Argentina,Formosa,Comandante Fontana
Argentina,Formosa,Comunidad Aborigen Bartolomé de las Casas
Argentina,Formosa,El Colorado
Argentina,Formosa,El Espinillo
Argentina,Formosa,El Potrillo
Argentina,Formosa,El Quebracho
Argentina,Formosa,El Recreo
Argentina,Formosa,Estanislao del Campo
Argentina,Formosa,Formosa
Argentina,Formosa,Fortín Cabo 1º Lugones
Argentina,Formosa,Fortín Sargento 1º Leyes
Argentina,Formosa,Fortín Soledad
Argentina,Formosa,General Lucio V. Mansilla
Argentina,Formosa,General Mosconi
Argentina,Formosa,Gran Guardia
Argentina,Formosa,Guadalcazar
Argentina,Formosa,Herradura
Argentina,Formosa,Ibarreta
Argentina,Formosa,Ingeniero Guillermo N. Juárez
Argentina,Formosa,Juan G. Bazán
Argentina,Formosa,La Rinconada
Argentina,Formosa,Laguna Blanca
Argentina,Formosa,Laguna Gallo
Argentina,Formosa,Laguna Naick-Neck
Argentina,Formosa,Laguna Yema
Argentina,Formosa,Lamadrid
Argentina,Formosa,Las Lomitas
Argentina,Formosa,Los Chiriguanos
Argentina,Formosa,Mariano Boedo
Argentina,Formosa,Misión Tacaaglé
Argentina,Formosa,Mojón de Fierro
Argentina,Formosa,Palma Sola
Argentina,Formosa,Palo Santo
Argentina,Formosa,Pirané
Argentina,Formosa,Portón Negro
Argentina,Formosa,Posta Cambio Zalazar
Argentina,Formosa,Pozo de Maza
Argentina,Formosa,Pozo del Mortero
Argentina,Formosa,Pozo del Tigre
Argentina,Formosa,Puerto Pilcomayo
Argentina,Formosa,Riacho He-He
Argentina,Formosa,Riacho Negro
Argentina,Formosa,San Francisco de Laishi
Argentina,Formosa,San Hilario
Argentina,Formosa,San Martín I
Argentina,Formosa,San Martín II
Argentina,Formosa,Siete Palmas
Argentina,Formosa,Subteniente Perín
Argentina,Formosa,Tatané
Argentina,Formosa,Tres Lagunas
Argentina,Formosa,Vaca Perdida
Argentina,Formosa,Villa Escolar
Argentina,Formosa,Villa General Güemes
Argentina,Formosa,Villa General Manuel Belgrano
Argentina,Formosa,Villa Kilómetro 213
Argentina,Jujuy,Abra Pampa
Argentina,Jujuy,Abralaite
Argentina,Jujuy,Agua de Castilla
Argentina,Jujuy,Aguas Calientes
Argentina,Jujuy,Aguas Calientes
Argentina,Jujuy,Aparzo
Argentina,Jujuy,Arrayanal
Argentina,Jujuy,Arroyo Colorado
Argentina,Jujuy,Bananal
Argentina,Jujuy,Bárcena
Argentina,Jujuy,Barrio El Milagro
Argentina,Jujuy,Barrio La Unión
Argentina,Jujuy,Barrios
Argentina,Jujuy,Bermejito
Argentina,Jujuy,Caimancito
Argentina,Jujuy,Calilegua
Argentina,Jujuy,Cangrejillos
Argentina,Jujuy,Carahunco
Argentina,Jujuy,Casa Colorada
Argentina,Jujuy,Casabindo
Argentina,Jujuy,Casira
Argentina,Jujuy,Caspalá
Argentina,Jujuy,Catua
Argentina,Jujuy,Centro Forestal
Argentina,Jujuy,Chalicán
Argentina,Jujuy,Cianzo
Argentina,Jujuy,Ciénega de Paicone
Argentina,Jujuy,Cieneguillas
Argentina,Jujuy,Cochinoca
Argentina,Jujuy,Coctaca
Argentina,Jujuy,Colonia San José
Argentina,Jujuy,Colonia San José
Argentina,Jujuy,Coranzuli
Argentina,Jujuy,Coyaguaima
Argentina,Jujuy,Cusi Cusi
Argentina,Jujuy,Don Emilio
Argentina,Jujuy,El Acheral
Argentina,Jujuy,El Aguilar
Argentina,Jujuy,El Angosto
Argentina,Jujuy,El Carmen
Argentina,Jujuy,El Ceibal
Argentina,Jujuy,El Cóndor
Argentina,Jujuy,El Fuerte
Argentina,Jujuy,El Moreno
Argentina,Jujuy,El Piquete
Argentina,Jujuy,El Puesto
Argentina,Jujuy,El Quemado
Argentina,Jujuy,El Talar
Argentina,Jujuy,El Toro
Argentina,Jujuy,Fleming
Argentina,Jujuy,Fraile Pintado
Argentina,Jujuy,Guerrero
Argentina,Jujuy,Hipólito Yrigoyen
Argentina,Jujuy,Huacalera
Argentina,Jujuy,Huáncar
Argentina,Jujuy,Humahuaca
Argentina,Jujuy,Jama
Argentina,Jujuy,Juella
Argentina,Jujuy,La Almona
Argentina,Jujuy,La Ciénega
Argentina,Jujuy,La Esperanza
Argentina,Jujuy,La Intermedia
Argentina,Jujuy,La Manga
Argentina,Jujuy,La Mendieta
Argentina,Jujuy,La Quiaca
Argentina,Jujuy,La Redonda
Argentina,Jujuy,Lagunillas de Farallón
Argentina,Jujuy,León
Argentina,Jujuy,Libertad
Argentina,Jujuy,Libertador General San Martín
Argentina,Jujuy,Libertador General San Martín
Argentina,Jujuy,Liviara
Argentina,Jujuy,Llulluchayoc
Argentina,Jujuy,Loma Blanca
Argentina,Jujuy,Los Alisos
Argentina,Jujuy,Los Lapachos
Argentina,Jujuy,Los Nogales
Argentina,Jujuy,Loteo Navea
Argentina,Jujuy,Lozano
Argentina,Jujuy,Maimará
Argentina,Jujuy,Maíz Negro
Argentina,Jujuy,Manantiales
Argentina,Jujuy,Mina Providencia
Argentina,Jujuy,Misarrumi
Argentina,Jujuy,Monterrico
Argentina,Jujuy,Nuestra Señora del Rosario
Argentina,Jujuy,Nuevo Pirquitas
Argentina,Jujuy,Ocloyas
Argentina,Jujuy,Olacapato
Argentina,Jujuy,Olaroz Chico
Argentina,Jujuy,Oratorio
Argentina,Jujuy,Orosmayo
Argentina,Jujuy,Paicone
Argentina,Jujuy,Palca de Aparzo
Argentina,Jujuy,Palca de Varas
Argentina,Jujuy,Palma Sola
Argentina,Jujuy,Palos Blancos
Argentina,Jujuy,Palpalá
Argentina,Jujuy,Palpalá
Argentina,Jujuy,Pampa Blanca
Argentina,Jujuy,Pampichuela
Argentina,Jujuy,Pastos Chicos
Argentina,Jujuy,Paulina
Argentina,Jujuy,Perico
Argentina,Jujuy,Piedritas
Argentina,Jujuy,Pila Pardo
Argentina,Jujuy,Pueblo Ledesma
Argentina,Jujuy,Puente Lavayén
Argentina,Jujuy,Puerta de Colorados
Argentina,Jujuy,Puesto del Marquéz
Argentina,Jujuy,Puesto Sey
Argentina,Jujuy,Puesto Viejo
Argentina,Jujuy,Pumahuasi
Argentina,Jujuy,Purmamarca
Argentina,Jujuy,Quebraleña
Argentina,Jujuy,Quera
Argentina,Jujuy,Rinconada
Argentina,Jujuy,Rinconadillas
Argentina,Jujuy,Río Blanco
Argentina,Jujuy,Rodeito
Argentina,Jujuy,Rodero
Argentina,Jujuy,Rosario de Río Grande (ex Barro Negro)
Argentina,Jujuy,San Antonio
Argentina,Jujuy,San Antonio
Argentina,Jujuy,San Francisco
Argentina,Jujuy,San Francisco de Alfarcito
Argentina,Jujuy,San Isidro
Argentina,Jujuy,San José
Argentina,Jujuy,San Juan de Oros
Argentina,Jujuy,San Juan de Quillaqués
Argentina,Jujuy,San Juancito
Argentina,Jujuy,San Lucas
Argentina,Jujuy,San Pablo de Reyes
Argentina,Jujuy,San Pedro
Argentina,Jujuy,San Salvador de Jujuy
Argentina,Jujuy,Santa Ana
Argentina,Jujuy,Santa Ana de la Puna
Argentina,Jujuy,Santa Catalina
Argentina,Jujuy,Santa Clara
Argentina,Jujuy,Santuario de Tres Pozos
Argentina,Jujuy,Susques
Argentina,Jujuy,Tambillos
Argentina,Jujuy,Tesorero
Argentina,Jujuy,Tilcara
Argentina,Jujuy,Tres Cruces
Argentina,Jujuy,Tumbaya
Argentina,Jujuy,Tusaquillas
Argentina,Jujuy,Uquía
Argentina,Jujuy,Valle Colorado
Argentina,Jujuy,Valle Grande
Argentina,Jujuy,Vinalito
Argentina,Jujuy,Volcán
Argentina,Jujuy,Yacoraite
Argentina,Jujuy,Yala
Argentina,Jujuy,Yala
Argentina,Jujuy,Yavi
Argentina,Jujuy,Yavi
Argentina,Jujuy,Yavi Chico
Argentina,Jujuy,Yoscaba
Argentina,Jujuy,Yuto
Argentina,La Pampa,25 de Mayo
Argentina,La Pampa,Abramo
Argentina,La Pampa,Adolfo Van Praet
Argentina,La Pampa,Agustoni
Argentina,La Pampa,Algarrobo del Águila
Argentina,La Pampa,Alpachiri
Argentina,La Pampa,Alta Italia
Argentina,La Pampa,Anguil
Argentina,La Pampa,Anzoátegui
Argentina,La Pampa,Arata
Argentina,La Pampa,Ataliva Roca
Argentina,La Pampa,Bernardo Larroude
Argentina,La Pampa,Bernasconi
Argentina,La Pampa,Cachirulo
Argentina,La Pampa,Caleufú
Argentina,La Pampa,Carro Quemado
Argentina,La Pampa,Casa de Piedra
Argentina,La Pampa,Catriló
Argentina,La Pampa,Ceballos
Argentina,La Pampa,Chacharramendi
Argentina,La Pampa,Colonia Barón
Argentina,La Pampa,Colonia San José
Argentina,La Pampa,Colonia Santa María
Argentina,La Pampa,Conhelo
Argentina,La Pampa,Coronel Hilario Lagos
Argentina,La Pampa,Cuchillo Co
Argentina,La Pampa,Damián Maisonave
Argentina,La Pampa,Doblas
Argentina,La Pampa,Dorila
Argentina,La Pampa,Eduardo Castex
Argentina,La Pampa,Embajador Martini
Argentina,La Pampa,Falucho
Argentina,La Pampa,General Acha
Argentina,La Pampa,General Manuel J. Campos
Argentina,La Pampa,General Pico
Argentina,La Pampa,General San Martín
Argentina,La Pampa,Gobernador Duval
Argentina,La Pampa,Guatraché
Argentina,La Pampa,Hucal
Argentina,La Pampa,Ingeniero Foster
Argentina,La Pampa,Ingeniero Luiggi
Argentina,La Pampa,Intendente Alvear
Argentina,La Pampa,Jacinto Aráuz
Argentina,La Pampa,La Adela
Argentina,La Pampa,La Gloria
Argentina,La Pampa,La Humada
Argentina,La Pampa,La Maruja
Argentina,La Pampa,La Reforma
Argentina,La Pampa,Limay Mahuida
Argentina,La Pampa,Lonquimay
Argentina,La Pampa,Loventué
Argentina,La Pampa,Luan Toro
Argentina,La Pampa,Macachín
Argentina,La Pampa,Mauricio Mayer
Argentina,La Pampa,Metileo
Argentina,La Pampa,Miguel Cané
Argentina,La Pampa,Miguel Riglos
Argentina,La Pampa,Monte Nievas
Argentina,La Pampa,Naicó
Argentina,La Pampa,Ojeda
Argentina,La Pampa,Parera
Argentina,La Pampa,Perú
Argentina,La Pampa,Pichi Huinca
Argentina,La Pampa,Puelches
Argentina,La Pampa,Puelén
Argentina,La Pampa,Quehué
Argentina,La Pampa,Quemú Quemú
Argentina,La Pampa,Quetrequén
Argentina,La Pampa,Rancul
Argentina,La Pampa,Realicó
Argentina,La Pampa,Relmo
Argentina,La Pampa,Rolón
Argentina,La Pampa,Rucanelo
Argentina,La Pampa,Santa Isabel
Argentina,La Pampa,Santa Rosa
Argentina,La Pampa,Santa Teresa
Argentina,La Pampa,Sarah
Argentina,La Pampa,Speluzzi
Argentina,La Pampa,Telén
Argentina,La Pampa,Toay
Argentina,La Pampa,Tomás M. Anchorena
Argentina,La Pampa,Trebolares
Argentina,La Pampa,Trenel
Argentina,La Pampa,Unanué
Argentina,La Pampa,Uriburu
Argentina,La Pampa,Vértiz
Argentina,La Pampa,Victorica
Argentina,La Pampa,Villa Mirasol
Argentina,La Pampa,Winifreda
Argentina,La Rioja,Aicuñá
Argentina,La Rioja,Aimogasta
Argentina,La Rioja,Aimogasta
Argentina,La Rioja,Alpasinche
Argentina,La Rioja,Alto Carrizal
Argentina,La Rioja,Amaná
Argentina,La Rioja,Ambil
Argentina,La Rioja,Aminga
Argentina,La Rioja,Amuschina
Argentina,La Rioja,Andolucas
Argentina,La Rioja,Anguinán
Argentina,La Rioja,Angulos
Argentina,La Rioja,Anillaco
Argentina,La Rioja,Anjullón
Argentina,La Rioja,Antinaco
Argentina,La Rioja,Bajo Carrizal
Argentina,La Rioja,Banda Florida
Argentina,La Rioja,Bañado de los Pantanos
Argentina,La Rioja,Campanas
Argentina,La Rioja,Castro Barros
Argentina,La Rioja,Chamical
Argentina,La Rioja,Chañar
Argentina,La Rioja,Chañarmuyo
Argentina,La Rioja,Chaupihuasi
Argentina,La Rioja,Chepes
Argentina,La Rioja,Chilecito
Argentina,La Rioja,Chilecito
Argentina,La Rioja,Chuquis
Argentina,La Rioja,Colonia Anguinán
Argentina,La Rioja,Colonia Malligasta
Argentina,La Rioja,Colonia Ortiz de Ocampo
Argentina,La Rioja,Colonia Vichigasta
Argentina,La Rioja,Cuipán
Argentina,La Rioja,Desiderio Tello
Argentina,La Rioja,Estación Mazán
Argentina,La Rioja,Famatina
Argentina,La Rioja,Guanchín
Argentina,La Rioja,Guandacol
Argentina,La Rioja,Guandacol
Argentina,La Rioja,Jagüé
Argentina,La Rioja,La Cuadra
Argentina,La Rioja,La Puntilla
Argentina,La Rioja,La Rioja
Argentina,La Rioja,Las Talas
Argentina,La Rioja,Loma Blanca
Argentina,La Rioja,Los Molinos
Argentina,La Rioja,Los Palacios
Argentina,La Rioja,Los Robles
Argentina,La Rioja,Los Sarmientos
Argentina,La Rioja,Machigasta
Argentina,La Rioja,Malanzán
Argentina,La Rioja,Malligasta
Argentina,La Rioja,Milagro
Argentina,La Rioja,Miranda
Argentina,La Rioja,Nácate
Argentina,La Rioja,Nonogasta
Argentina,La Rioja,Olpas
Argentina,La Rioja,Olta
Argentina,La Rioja,Pagancillo
Argentina,La Rioja,Patquía
Argentina,La Rioja,Pinchas
Argentina,La Rioja,Pituil
Argentina,La Rioja,Plaza Vieja
Argentina,La Rioja,Polco
Argentina,La Rioja,Portezuelo
Argentina,La Rioja,Punta de los Llanos
Argentina,La Rioja,Salicas
Argentina,La Rioja,Salicas - San Blas
Argentina,La Rioja,San Antonio
Argentina,La Rioja,San Antonio
Argentina,La Rioja,San Blas
Argentina,La Rioja,San Miguel
Argentina,La Rioja,San Nicolás
Argentina,La Rioja,San Pedro
Argentina,La Rioja,Santa Clara
Argentina,La Rioja,Santa Cruz
Argentina,La Rioja,Santa Florentina
Argentina,La Rioja,Santa Rita de Catuna
Argentina,La Rioja,Santa Vera Cruz
Argentina,La Rioja,Santo Domingo
Argentina,La Rioja,Sañogasta
Argentina,La Rioja,Shaqui
Argentina,La Rioja,Suriyaco
Argentina,La Rioja,Tama
Argentina,La Rioja,Termas de Santa Teresita
Argentina,La Rioja,Tilimuqui
Argentina,La Rioja,Tuyubil
Argentina,La Rioja,Ulapes
Argentina,La Rioja,Vichigasta
Argentina,La Rioja,Villa Castelli
Argentina,La Rioja,Villa Mazán
Argentina,La Rioja,Villa San José de Vinchina
Argentina,La Rioja,Villa Sanagasta
Argentina,La Rioja,Villa Unión
Argentina,La Rioja,Villa Unión
Argentina,Mendoza,10ma Sección
Argentina,Mendoza,11va Sección
Argentina,Mendoza,1ra Sección
Argentina,Mendoza,25 de Mayo
Argentina,Mendoza,2da Sección
Argentina,Mendoza,3 de Mayo
Argentina,Mendoza,3ra Sección
Argentina,Mendoza,4ta Sección
Argentina,Mendoza,5ta Sección
Argentina,Mendoza,6ta Sección
Argentina,Mendoza,7ma Sección
Argentina,Mendoza,8va Sección
Argentina,Mendoza,9na Sección
Argentina,Mendoza,Agrelo
Argentina,Mendoza,Agua Escondida
Argentina,Mendoza,Alto Verde
Argentina,Mendoza,Andrade
Argentina,Mendoza,Barrancas
Argentina,Mendoza,Barrio 12 de Octubre
Argentina,Mendoza,Barrio Alto del Olvido
Argentina,Mendoza,Barrio Belgrano Norte
Argentina,Mendoza,Barrio Carrasco
Argentina,Mendoza,Barrio Chivilcoy
Argentina,Mendoza,Barrio Cooperativa Los Campamentos
Argentina,Mendoza,Barrio El Cepillo
Argentina,Mendoza,Barrio El Nevado
Argentina,Mendoza,Barrio Emanuel
Argentina,Mendoza,Barrio Empleados de Comercio
Argentina,Mendoza,Barrio Intendencia
Argentina,Mendoza,Barrio Jesús de Nazaret
Argentina,Mendoza,Barrio Jocolí II
Argentina,Mendoza,Barrio La Estación
Argentina,Mendoza,Barrio La Palmera
Argentina,Mendoza,Barrio La Pega
Argentina,Mendoza,Barrio Lagunas de Bartoluzzi
Argentina,Mendoza,Barrio Los Charabones
Argentina,Mendoza,Barrio Los Jarilleros
Argentina,Mendoza,Barrio Los Olivos
Argentina,Mendoza,Barrio María Auxiliadora
Argentina,Mendoza,Barrio Molina Cabrera
Argentina,Mendoza,Barrio Ntra. Sra. De Fátima
Argentina,Mendoza,Barrio Perdriel IV
Argentina,Mendoza,Barrio Rivadavia
Argentina,Mendoza,Barrio San Cayetano
Argentina,Mendoza,Barrio Virgen del Rosario
Argentina,Mendoza,Bermejo
Argentina,Mendoza,Blanco Encalada
Argentina,Mendoza,Bowen
Argentina,Mendoza,Buena Nueva
Argentina,Mendoza,Cacheuta
Argentina,Mendoza,Campo Los Andes
Argentina,Mendoza,Capdevila
Argentina,Mendoza,Capilla del Rosario
Argentina,Mendoza,Capitán Montoya
Argentina,Mendoza,Carmensa
Argentina,Mendoza,Carrodilla
Argentina,Mendoza,Chacras de Coria
Argentina,Mendoza,Chapanay
Argentina,Mendoza,Chilecito
Argentina,Mendoza,Chivilcoy
Argentina,Mendoza,Ciudad de Godoy Cruz
Argentina,Mendoza,Ciudad de Las Heras
Argentina,Mendoza,Ciudad de Maipú
Argentina,Mendoza,Ciudad Luján de Cuyo
Argentina,Mendoza,Colonia Las Rosas
Argentina,Mendoza,Colonia Segovia
Argentina,Mendoza,Coquimbito
Argentina,Mendoza,Cordón del Plata
Argentina,Mendoza,Costa de Araujo
Argentina,Mendoza,Costa Flores
Argentina,Mendoza,Cruz de Piedra
Argentina,Mendoza,Cuadro Benegas
Argentina,Mendoza,Cuadro Nacional
Argentina,Mendoza,Cuadro Ortega
Argentina,Mendoza,Desaguadero
Argentina,Mendoza,Dorrego
Argentina,Mendoza,El Algarrobal
Argentina,Mendoza,El Borbollón
Argentina,Mendoza,El Carrizal
Argentina,Mendoza,El Challao
Argentina,Mendoza,El Espino
Argentina,Mendoza,El Manzano
Argentina,Mendoza,El Mirador
Argentina,Mendoza,El Nihuil
Argentina,Mendoza,El Paramillo
Argentina,Mendoza,El Pedregal
Argentina,Mendoza,El Peral
Argentina,Mendoza,El Plumerillo
Argentina,Mendoza,El Ramblón
Argentina,Mendoza,El Resguardo
Argentina,Mendoza,El Salto
Argentina,Mendoza,El Sauce
Argentina,Mendoza,El Sosneado
Argentina,Mendoza,El Tropezón
Argentina,Mendoza,El Vergel
Argentina,Mendoza,El Zampal
Argentina,Mendoza,El Zapallar
Argentina,Mendoza,Eugenio Bustos
Argentina,Mendoza,Fray Luis Beltrán
Argentina,Mendoza,General Alvear
Argentina,Mendoza,General Belgrano
Argentina,Mendoza,General Gutiérrez
Argentina,Mendoza,Gobernador Benegas
Argentina,Mendoza,Godoy Cruz
Argentina,Mendoza,Goudge
Argentina,Mendoza,Guaymallén
Argentina,Mendoza,Ingeniero Giagnoni
Argentina,Mendoza,Ingeniero Gustavo André
Argentina,Mendoza,Jaime Prats
Argentina,Mendoza,Jesús Nazareno
Argentina,Mendoza,Jocolí
Argentina,Mendoza,Jocolí
Argentina,Mendoza,Jocolí Viejo
Argentina,Mendoza,Junín
Argentina,Mendoza,La Arboleda
Argentina,Mendoza,La Central
Argentina,Mendoza,La Cieneguita
Argentina,Mendoza,La Colonia
Argentina,Mendoza,La Consulta
Argentina,Mendoza,La Dormida
Argentina,Mendoza,La Esperanza
Argentina,Mendoza,La Florida
Argentina,Mendoza,La Florida
Argentina,Mendoza,La Libertad
Argentina,Mendoza,La Llave Nueva
Argentina,Mendoza,La Paz
Argentina,Mendoza,La Primavera
Argentina,Mendoza,La Puntilla
Argentina,Mendoza,Las Cañas
Argentina,Mendoza,Las Catitas
Argentina,Mendoza,Las Compuertas
Argentina,Mendoza,Las Cuevas
Argentina,Mendoza,Las Heras
Argentina,Mendoza,Las Leñas
Argentina,Mendoza,Las Malvinas
Argentina,Mendoza,Las Tortugas
Argentina,Mendoza,Las Vegas
Argentina,Mendoza,Las Violetas
Argentina,Mendoza,Los Árboles
Argentina,Mendoza,Los Barriales
Argentina,Mendoza,Los Campamentos
Argentina,Mendoza,Los Compartos
Argentina,Mendoza,Los Corralitos
Argentina,Mendoza,Los Penitentes
Argentina,Mendoza,Los Reyunos
Argentina,Mendoza,Los Sauces
Argentina,Mendoza,Luján de Cuyo
Argentina,Mendoza,Luzuriaga
Argentina,Mendoza,Maipú
Argentina,Mendoza,Malargüe
Argentina,Mendoza,Mayor Drummond
Argentina,Mendoza,Medrano
Argentina,Mendoza,Medrano
Argentina,Mendoza,Mendoza
Argentina,Mendoza,Monte Comán
Argentina,Mendoza,Montecaseros
Argentina,Mendoza,Mundo Nuevo
Argentina,Mendoza,Nueva California
Argentina,Mendoza,Nueva Ciudad
Argentina,Mendoza,Palmira
Argentina,Mendoza,Panquehuá
Argentina,Mendoza,Pareditas
Argentina,Mendoza,Pedro Molina
Argentina,Mendoza,Perdriel
Argentina,Mendoza,Phillips
Argentina,Mendoza,Pobre Diablo
Argentina,Mendoza,Polvaredas
Argentina,Mendoza,Potrerillos
Argentina,Mendoza,Presidente Sarmiento
Argentina,Mendoza,Puente de Hierro
Argentina,Mendoza,Puente del Inca
Argentina,Mendoza,Punta de Vacas
Argentina,Mendoza,Punta del Agua
Argentina,Mendoza,Rama Caída
Argentina,Mendoza,Real del Padre
Argentina,Mendoza,Reducción de Abajo
Argentina,Mendoza,Rivadavia
Argentina,Mendoza,Rodeo de la Cruz
Argentina,Mendoza,Rodeo del Medio
Argentina,Mendoza,Rodríguez Peña
Argentina,Mendoza,Salto de las Rosas
Argentina,Mendoza,San Carlos
Argentina,Mendoza,San Francisco del Monte
Argentina,Mendoza,San Francisco del Monte
Argentina,Mendoza,San José
Argentina,Mendoza,San José
Argentina,Mendoza,San Martín
Argentina,Mendoza,San Martín
Argentina,Mendoza,San Rafael
Argentina,Mendoza,San Rafael
Argentina,Mendoza,San Roque
Argentina,Mendoza,Santa María de Oro
Argentina,Mendoza,Santa Rosa
Argentina,Mendoza,Sierras de Encalada
Argentina,Mendoza,Tres Porteñas
Argentina,Mendoza,Tunuyán
Argentina,Mendoza,Tupungato
Argentina,Mendoza,Tupungato
Argentina,Mendoza,Ugarteche
Argentina,Mendoza,Uspallata
Argentina,Mendoza,Villa Antigua
Argentina,Mendoza,Villa Atuel
Argentina,Mendoza,Villa Atuel Norte
Argentina,Mendoza,Villa Bastias
Argentina,Mendoza,Villa Nueva
Argentina,Mendoza,Villa Teresa
Argentina,Mendoza,Villa Tulumaya
Argentina,Mendoza,Vista Flores
Argentina,Mendoza,Vistalba
Argentina,Misiones,1º de Mayo
Argentina,Misiones,25 de Mayo
Argentina,Misiones,9 de Julio Kilómetro 20
Argentina,Misiones,9 de Julio Kilómetro 28
Argentina,Misiones,Alba Posse
Argentina,Misiones,Alicia Alta
Argentina,Misiones,Alicia Baja
Argentina,Misiones,Almafuerte
Argentina,Misiones,Apóstoles
Argentina,Misiones,Aristóbulo del Valle
Argentina,Misiones,Arroyo del Medio
Argentina,Misiones,Azara
Argentina,Misiones,Bario Ita
Argentina,Misiones,Barra Concepción
Argentina,Misiones,Barrio Cuatro Bocas
Argentina,Misiones,Barrio del Lago
Argentina,Misiones,Barrio Escuela 461
Argentina,Misiones,Barrio Escuela 633
Argentina,Misiones,Barrio Guatambu
Argentina,Misiones,Barrio Rural
Argentina,Misiones,Barrio Tungoil
Argentina,Misiones,Bernardo de Irigoyen
Argentina,Misiones,Bonpland
Argentina,Misiones,Caá - Yarí
Argentina,Misiones,Caburei
Argentina,Misiones,Campo Grande
Argentina,Misiones,Campo Ramón
Argentina,Misiones,Campo Viera
Argentina,Misiones,Candelaria
Argentina,Misiones,Capioví
Argentina,Misiones,Capioviciño
Argentina,Misiones,Caraguatay
Argentina,Misiones,Cerro Azul
Argentina,Misiones,Cerro Corá
Argentina,Misiones,Colonia Alberdi
Argentina,Misiones,Colonia Aurora
Argentina,Misiones,Colonia Polana
Argentina,Misiones,Colonia Victoria
Argentina,Misiones,Colonia Wanda
Argentina,Misiones,Comandante Andresito
Argentina,Misiones,Concepción de la Sierra
Argentina,Misiones,Corpus
Argentina,Misiones,Cruce Caballero
Argentina,Misiones,Domingo Savio
Argentina,Misiones,Dos Arroyos
Argentina,Misiones,Dos de Mayo
Argentina,Misiones,Dos de Mayo Núcleo I
Argentina,Misiones,Dos de Mayo Núcleo II
Argentina,Misiones,Dos de Mayo Nucleo III (Bº Bernardino Rivadavia)
Argentina,Misiones,Dos Hermanas
Argentina,Misiones,El Alcázar
Argentina,Misiones,El Salto
Argentina,Misiones,El Soberbio
Argentina,Misiones,Eldorado
Argentina,Misiones,Estación Apóstoles
Argentina,Misiones,Florentino Ameghino
Argentina,Misiones,Fracrán
Argentina,Misiones,Garuhapé
Argentina,Misiones,Garupá
Argentina,Misiones,General Alvear
Argentina,Misiones,General Urquiza
Argentina,Misiones,Gobernador López
Argentina,Misiones,Gobernador Roca
Argentina,Misiones,Guaraní
Argentina,Misiones,Helvecia
Argentina,Misiones,Hipólito Yrigoyen
Argentina,Misiones,Integración
Argentina,Misiones,Itacaruaré
Argentina,Misiones,Jardín América
Argentina,Misiones,Kilómetro 17
Argentina,Misiones,La Corita
Argentina,Misiones,Laharrague
Argentina,Misiones,Leandro N. Alem
Argentina,Misiones,Loreto
Argentina,Misiones,Los Helechos
Argentina,Misiones,María Magdalena
Argentina,Misiones,Mártires
Argentina,Misiones,Mbopicuá
Argentina,Misiones,Mojón Grande
Argentina,Misiones,Montecarlo
Argentina,Misiones,Nemesio Parma
Argentina,Misiones,Nueva Delicia
Argentina,Misiones,Oasis
Argentina,Misiones,Oberá
Argentina,Misiones,Olegario V. Andrade
Argentina,Misiones,Panambí
Argentina,Misiones,Panambi Kilómetro 15
Argentina,Misiones,Panambí Kilómetro 8
Argentina,Misiones,Paraíso
Argentina,Misiones,Pindapoy
Argentina,Misiones,Piñalito Norte
Argentina,Misiones,Piñalito Sur
Argentina,Misiones,Piray Kilómetro 18
Argentina,Misiones,Posadas
Argentina,Misiones,Posadas (Extensión)
Argentina,Misiones,Profundidad
Argentina,Misiones,Pueblo Illia
Argentina,Misiones,Pueblo Nuevo
Argentina,Misiones,Puerto Andresito
Argentina,Misiones,Puerto Deseado
Argentina,Misiones,Puerto Esperanza
Argentina,Misiones,Puerto Iguazú
Argentina,Misiones,Puerto Leoni
Argentina,Misiones,Puerto Libertad
Argentina,Misiones,Puerto Mado
Argentina,Misiones,Puerto Pinares
Argentina,Misiones,Puerto Piray
Argentina,Misiones,Puerto Rico
Argentina,Misiones,Puerto Santa Ana
Argentina,Misiones,Rincón de Azara
Argentina,Misiones,Roca Chica
Argentina,Misiones,Ruiz de Montoya
Argentina,Misiones,Salto Encantado
Argentina,Misiones,San Alberto
Argentina,Misiones,San Antonio
Argentina,Misiones,San Francisco de Asís
Argentina,Misiones,San Gotardo
Argentina,Misiones,San Ignacio
Argentina,Misiones,San Javier
Argentina,Misiones,San José
Argentina,Misiones,San Martín
Argentina,Misiones,San Miguel
Argentina,Misiones,San Pedro
Argentina,Misiones,San Vicente
Argentina,Misiones,Santa Ana
Argentina,Misiones,Santa María
Argentina,Misiones,Santa Rita
Argentina,Misiones,Santiago de Liniers
Argentina,Misiones,Santo Pipó
Argentina,Misiones,Tarumá
Argentina,Misiones,Tobuna
Argentina,Misiones,Tres Capones
Argentina,Misiones,Valle Hermoso
Argentina,Misiones,Villa Akerman
Argentina,Misiones,Villa Bonita
Argentina,Misiones,Villa Cooperativa
Argentina,Misiones,Villa Libertad
Argentina,Misiones,Villa Parodi
Argentina,Misiones,Villa Roulet
Argentina,Misiones,Villa Urrutia
Argentina,Neuquén,Aguada San Roque
Argentina,Neuquén,Aluminé
Argentina,Neuquén,Andacollo
Argentina,Neuquén,Añelo
Argentina,Neuquén,Arroyito
Argentina,Neuquén,Bajada del Agrio
Argentina,Neuquén,Barrancas
Argentina,Neuquén,Buta Ranquil
Argentina,Neuquén,Caviahue
Argentina,Neuquén,Centenario
Argentina,Neuquén,Chorriaca
Argentina,Neuquén,Chos Malal
Argentina,Neuquén,Copahue
Argentina,Neuquén,Covunco Centro
Argentina,Neuquén,Cutral Có
Argentina,Neuquén,El Cholar
Argentina,Neuquén,El Huecú
Argentina,Neuquén,El Sauce
Argentina,Neuquén,Huinganco
Argentina,Neuquén,Junín de los Andes
Argentina,Neuquén,La Buitrera
Argentina,Neuquén,Las Coloradas
Argentina,Neuquén,Las Lajas
Argentina,Neuquén,Las Ovejas
Argentina,Neuquén,Loncopué
Argentina,Neuquén,Los Catutos
Argentina,Neuquén,Los Miches
Argentina,Neuquén,Manzano Amargo
Argentina,Neuquén,Mari Menuco
Argentina,Neuquén,Mariano Moreno
Argentina,Neuquén,Mariano Moreno
Argentina,Neuquén,Moquehue
Argentina,Neuquén,Neuquén
Argentina,Neuquén,Octavio Pico
Argentina,Neuquén,Paso Aguerre
Argentina,Neuquén,Picún Leufú
Argentina,Neuquén,Piedra del Águila
Argentina,Neuquén,Plaza Huincul
Argentina,Neuquén,Plottier
Argentina,Neuquén,Quili Malal
Argentina,Neuquén,Ramón M. Castro
Argentina,Neuquén,Rincón de los Sauces
Argentina,Neuquén,San Martín de los Andes
Argentina,Neuquén,San Patricio del Chañar
Argentina,Neuquén,Santo Tomás
Argentina,Neuquén,Senillosa
Argentina,Neuquén,Taquimilán
Argentina,Neuquén,Tricao Malal
Argentina,Neuquén,Varvarco
Argentina,Neuquén,Villa del Curi Leuvú
Argentina,Neuquén,Villa del Nahueve
Argentina,Neuquén,Villa El Chocón
Argentina,Neuquén,Villa La Angostura
Argentina,Neuquén,Villa Lago Meliquina
Argentina,Neuquén,Villa Pehuenia
Argentina,Neuquén,Villa Traful
Argentina,Neuquén,Vista Alegre Norte
Argentina,Neuquén,Vista Alegre Sur
Argentina,Neuquén,Zapala
Argentina,Río Negro,Aguada Cecilio
Argentina,Río Negro,Aguada de Guerra
Argentina,Río Negro,Aguada Guzmán
Argentina,Río Negro,Allen
Argentina,Río Negro,Arroyo Los Berros
Argentina,Río Negro,Arroyo Ventana
Argentina,Río Negro,Bahía Creek
Argentina,Río Negro,Barda del Medio
Argentina,Río Negro,Barrio Blanco
Argentina,Río Negro,Barrio Calle Ciega Nº 10
Argentina,Río Negro,Barrio Calle Ciega Nº 6
Argentina,Río Negro,Barrio Canale
Argentina,Río Negro,Barrio Chacra Monte
Argentina,Río Negro,Barrio Colonia Conesa
Argentina,Río Negro,Barrio Costa Este
Argentina,Río Negro,Barrio Costa Oeste
Argentina,Río Negro,Barrio Destacamento
Argentina,Río Negro,Barrio El Labrador
Argentina,Río Negro,Barrio El Maruchito
Argentina,Río Negro,Barrio El Petróleo
Argentina,Río Negro,Barrio Emergente
Argentina,Río Negro,Barrio Esperanza
Argentina,Río Negro,Barrio Fátima
Argentina,Río Negro,Barrio Frontera
Argentina,Río Negro,Barrio Guerrico
Argentina,Río Negro,Barrio Isla 10
Argentina,Río Negro,Barrio La Barda
Argentina,Río Negro,Barrio La Costa
Argentina,Río Negro,Barrio La Defensa
Argentina,Río Negro,Barrio La Herradura
Argentina,Río Negro,Barrio La Lor
Argentina,Río Negro,Barrio Luisillo
Argentina,Río Negro,Barrio Mar del Plata
Argentina,Río Negro,Barrio María Elvira
Argentina,Río Negro,Barrio Moño Azul
Argentina,Río Negro,Barrio Norte
Argentina,Río Negro,Barrio Pinar
Argentina,Río Negro,Barrio Pino Azul
Argentina,Río Negro,Barrio Planta Compresora de Gas
Argentina,Río Negro,Barrio Porvenir
Argentina,Río Negro,Barrio Presidente Perón
Argentina,Río Negro,Barrio Santa Lucia
Argentina,Río Negro,Barrio Santa Rita
Argentina,Río Negro,Barrio Unión
Argentina,Río Negro,Barrio Unión
Argentina,Río Negro,Cañadón Chileno
Argentina,Río Negro,Catriel
Argentina,Río Negro,Cerro Policía
Argentina,Río Negro,Cervantes
Argentina,Río Negro,Chelforó
Argentina,Río Negro,Chichinales
Argentina,Río Negro,Chimpay
Argentina,Río Negro,Choele Choel
Argentina,Río Negro,Cinco Saltos
Argentina,Río Negro,Cinco Saltos
Argentina,Río Negro,Cipolletti
Argentina,Río Negro,Cipolletti
Argentina,Río Negro,Clemente Onelli
Argentina,Río Negro,Colan Conhue
Argentina,Río Negro,Colonia Juliá y Echarren
Argentina,Río Negro,Colonia Suiza
Argentina,Río Negro,Comallo
Argentina,Río Negro,Comicó
Argentina,Río Negro,Cona Niyeu
Argentina,Río Negro,Contralmirante Cordero
Argentina,Río Negro,Coronel Belisle
Argentina,Río Negro,Darwin
Argentina,Río Negro,Dina Huapi
Argentina,Río Negro,El Bolsón
Argentina,Río Negro,El Caín
Argentina,Río Negro,El Cóndor
Argentina,Río Negro,El Cuy
Argentina,Río Negro,El Empalme
Argentina,Río Negro,El Foyel
Argentina,Río Negro,El Juncal
Argentina,Río Negro,Ferri
Argentina,Río Negro,General Conesa
Argentina,Río Negro,General Enrique Godoy
Argentina,Río Negro,General Fernández Oro
Argentina,Río Negro,General Roca
Argentina,Río Negro,General Roca
Argentina,Río Negro,Guardia Mitre
Argentina,Río Negro,Ingeniero Jacobacci
Argentina,Río Negro,Ingeniero Luis A. Huergo
Argentina,Río Negro,Ingeniero Otto Krause
Argentina,Río Negro,Juventud Unida
Argentina,Río Negro,La Lobería
Argentina,Río Negro,Laguna Blanca
Argentina,Río Negro,Lamarque
Argentina,Río Negro,Las Bayas
Argentina,Río Negro,Las Grutas
Argentina,Río Negro,Las Perlas
Argentina,Río Negro,Los Menucos
Argentina,Río Negro,Loteo Costa de Río
Argentina,Río Negro,Luis Beltrán
Argentina,Río Negro,Mainqué
Argentina,Río Negro,Mallín Ahogado
Argentina,Río Negro,Mamuel Choique
Argentina,Río Negro,Maquinchao
Argentina,Río Negro,Mencué
Argentina,Río Negro,Ministro Ramos Mexía
Argentina,Río Negro,Nahuel Niyeu
Argentina,Río Negro,Naupa Huen
Argentina,Río Negro,Ñirihuau
Argentina,Río Negro,Ñorquincó
Argentina,Río Negro,Ojos de Agua
Argentina,Río Negro,Paraje Arroyón (Bajo San Cayetano)
Argentina,Río Negro,Paso Córdova
Argentina,Río Negro,Paso Córdova
Argentina,Río Negro,Península Ruca Co
Argentina,Río Negro,Pichi Mahuida
Argentina,Río Negro,Pilcaniyeu
Argentina,Río Negro,Pilquiniyeu
Argentina,Río Negro,Pilquiniyeu del Limay
Argentina,Río Negro,Playas Doradas
Argentina,Río Negro,Pomona
Argentina,Río Negro,Pozo Salado
Argentina,Río Negro,Prahuaniyeu
Argentina,Río Negro,Puente Cero
Argentina,Río Negro,Puerto San Antonio Este
Argentina,Río Negro,Punta Colorada
Argentina,Río Negro,Río Chico
Argentina,Río Negro,Río Colorado
Argentina,Río Negro,Río Villegas
Argentina,Río Negro,Saco Viejo
Argentina,Río Negro,Salto Andersen
Argentina,Río Negro,San Antonio Oeste
Argentina,Río Negro,San Carlos de Bariloche
Argentina,Río Negro,San Carlos de Bariloche
Argentina,Río Negro,San Javier
Argentina,Río Negro,Sargento Vidal
Argentina,Río Negro,Sierra Colorada
Argentina,Río Negro,Sierra Grande
Argentina,Río Negro,Sierra Pailemán
Argentina,Río Negro,Treneta
Argentina,Río Negro,Valcheta
Argentina,Río Negro,Valle Azul
Argentina,Río Negro,Viedma
Argentina,Río Negro,Villa Alberdi
Argentina,Río Negro,Villa Campanario
Argentina,Río Negro,Villa Catedral
Argentina,Río Negro,Villa del Parque
Argentina,Río Negro,Villa Llanquín
Argentina,Río Negro,Villa Llao Llao
Argentina,Río Negro,Villa Manzano
Argentina,Río Negro,Villa Mascardi
Argentina,Río Negro,Villa Regina
Argentina,Río Negro,Villa San Isidro
Argentina,Río Negro,Yaminué
Argentina,Salta,Acoyte
Argentina,Salta,Aguaray
Argentina,Salta,Aguas Blancas
Argentina,Salta,Alto de la Sierra
Argentina,Salta,Ampascachi
Argentina,Salta,Angastaco
Argentina,Salta,Animaná
Argentina,Salta,Antillá
Argentina,Salta,Apolinario Saravia
Argentina,Salta,Barrio Finca La Maroma
Argentina,Salta,Barrio La Rotonda
Argentina,Salta,Barrio Santa Teresita
Argentina,Salta,Cabra Corral
Argentina,Salta,Cachi
Argentina,Salta,Cafayate
Argentina,Salta,Campichuelo
Argentina,Salta,Campo Durán
Argentina,Salta,Campo La Cruz
Argentina,Salta,Campo Quijano
Argentina,Salta,Campo Santo
Argentina,Salta,Capiazuti
Argentina,Salta,Capitán Juan Pagé
Argentina,Salta,Carboncito
Argentina,Salta,Ceibalito
Argentina,Salta,Centro 25 de Junio
Argentina,Salta,Cerrillos
Argentina,Salta,Chicoana
Argentina,Salta,Cobos
Argentina,Salta,Cobres
Argentina,Salta,Colonia Santa Rosa
Argentina,Salta,Colonia Santa Rosa
Argentina,Salta,Copo Quile
Argentina,Salta,Coronel Cornejo
Argentina,Salta,Coronel Juan Solá
Argentina,Salta,Coronel Moldes
Argentina,Salta,Coronel Mollinedo
Argentina,Salta,Coronel Olleros
Argentina,Salta,Country Club El Tipal
Argentina,Salta,Country Club La Almudena
Argentina,Salta,Dragones
Argentina,Salta,El Bordo
Argentina,Salta,El Carril
Argentina,Salta,El Galpón
Argentina,Salta,El Jardín
Argentina,Salta,El Naranjo
Argentina,Salta,El Potrero
Argentina,Salta,El Quebrachal
Argentina,Salta,El Tabacal
Argentina,Salta,El Tala
Argentina,Salta,El Tunal
Argentina,Salta,Embarcación
Argentina,Salta,Embarcación
Argentina,Salta,Gaona
Argentina,Salta,General Ballivián
Argentina,Salta,General Güemes
Argentina,Salta,General Mosconi
Argentina,Salta,General Mosconi
Argentina,Salta,General Pizarro
Argentina,Salta,Guachipas
Argentina,Salta,Hickman
Argentina,Salta,Hipólito Yrigoyen
Argentina,Salta,Hito 1
Argentina,Salta,Iruya
Argentina,Salta,Isla de Cañas
Argentina,Salta,Joaquín V. González
Argentina,Salta,La Caldera
Argentina,Salta,La Candelaria
Argentina,Salta,La Merced
Argentina,Salta,La Merced del Encón
Argentina,Salta,La Misión
Argentina,Salta,La Poma
Argentina,Salta,La Puerta
Argentina,Salta,La Silleta
Argentina,Salta,La Unión
Argentina,Salta,La Viña
Argentina,Salta,Las Lajitas
Argentina,Salta,Los Blancos
Argentina,Salta,Los Toldos
Argentina,Salta,Luis Burela
Argentina,Salta,Lumbreras
Argentina,Salta,Macapillo
Argentina,Salta,Misión Chaqueña
Argentina,Salta,Misión Kilómetro 6
Argentina,Salta,Misión Tierras Fiscales
Argentina,Salta,Molinos
Argentina,Salta,Nazareno
Argentina,Salta,Nuestra Señora de Talavera
Argentina,Salta,Olacapato
Argentina,Salta,Pacará
Argentina,Salta,Padre Lozano
Argentina,Salta,Payogasta
Argentina,Salta,Pichanal
Argentina,Salta,Piquete Cabado
Argentina,Salta,Piquirenda
Argentina,Salta,Pluma de Pato
Argentina,Salta,Poscaya
Argentina,Salta,Profesor Salvador Mazza
Argentina,Salta,Pueblo Viejo
Argentina,Salta,Recaredo
Argentina,Salta,Río del Valle
Argentina,Salta,Río Piedras
Argentina,Salta,Rivadavia
Argentina,Salta,Rosario de la Frontera
Argentina,Salta,Rosario de Lerma
Argentina,Salta,Salta
Argentina,Salta,Salta
Argentina,Salta,San Agustín
Argentina,Salta,San Antonio de los Cobres
Argentina,Salta,San Carlos
Argentina,Salta,San Felipe
Argentina,Salta,San José de Metán (Est. Metán)
Argentina,Salta,San José de Orquera
Argentina,Salta,San Marcos
Argentina,Salta,San Ramón de la Nueva Orán
Argentina,Salta,Santa María
Argentina,Salta,Santa Rosa
Argentina,Salta,Santa Rosa de los Pastos Grandes
Argentina,Salta,Santa Victoria
Argentina,Salta,Santa Victoria Este
Argentina,Salta,Seclantás
Argentina,Salta,Talapampa
Argentina,Salta,Tartagal
Argentina,Salta,Tobantirenda
Argentina,Salta,Tolar Grande
Argentina,Salta,Tolloche
Argentina,Salta,Tolombón
Argentina,Salta,Tranquitas
Argentina,Salta,Urundel
Argentina,Salta,Vaqueros
Argentina,Salta,Villa San Lorenzo
Argentina,Salta,Yacuy
Argentina,San Juan,9 de Julio
Argentina,San Juan,Alto de Sierra
Argentina,San Juan,Angualasto
Argentina,San Juan,Astica
Argentina,San Juan,Balde del Rosario
Argentina,San Juan,Barreal - Villa Pituil
Argentina,San Juan,Barrio Municipal
Argentina,San Juan,Barrio Ruta 40
Argentina,San Juan,Barrio Sadop - Bella Vista
Argentina,San Juan,Bermejo
Argentina,San Juan,Calingasta
Argentina,San Juan,Cañada Honda
Argentina,San Juan,Carpintería
Argentina,San Juan,Caucete
Argentina,San Juan,Chimbas
Argentina,San Juan,Chucuma
Argentina,San Juan,Cienaguita
Argentina,San Juan,Colonia Fiscal
Argentina,San Juan,Colonia Gutiérrez
Argentina,San Juan,Divisadero
Argentina,San Juan,Dos Acequias
Argentina,San Juan,El Encón
Argentina,San Juan,El Medanito
Argentina,San Juan,El Médano
Argentina,San Juan,El Rincón
Argentina,San Juan,El Rincón
Argentina,San Juan,Gran China
Argentina,San Juan,Huaco
Argentina,San Juan,Iglesia
Argentina,San Juan,La Chimbera
Argentina,San Juan,La Falda
Argentina,San Juan,La Rinconada
Argentina,San Juan,Las Chacritas
Argentina,San Juan,Las Flores
Argentina,San Juan,Las Lagunas
Argentina,San Juan,Las Talas
Argentina,San Juan,Las Talas - Los Médanos
Argentina,San Juan,Las Tapias
Argentina,San Juan,Los Baldecitos
Argentina,San Juan,Los Berros
Argentina,San Juan,Los Médanos
Argentina,San Juan,Marayes
Argentina,San Juan,Mogna
Argentina,San Juan,Niquivil
Argentina,San Juan,Pampa Vieja
Argentina,San Juan,Pampa Vieja
Argentina,San Juan,Pedernal
Argentina,San Juan,Pie de Palo
Argentina,San Juan,Pismanta
Argentina,San Juan,Punta del Médano
Argentina,San Juan,Quinto Cuartel
Argentina,San Juan,Rawson
Argentina,San Juan,Rawson
Argentina,San Juan,Rivadavia
Argentina,San Juan,Rodeo
Argentina,San Juan,San Isidro
Argentina,San Juan,San Isidro
Argentina,San Juan,San José de Jáchal
Argentina,San Juan,San Juan
Argentina,San Juan,Santa Lucía
Argentina,San Juan,Santa Lucía
Argentina,San Juan,Tamberías
Argentina,San Juan,Tamberías
Argentina,San Juan,Tudcum
Argentina,San Juan,Tupelí
Argentina,San Juan,Usno
Argentina,San Juan,Vallecito
Argentina,San Juan,Villa Aberastain
Argentina,San Juan,Villa Aberastain - La Rinconada
Argentina,San Juan,Villa Barboza
Argentina,San Juan,Villa Barboza - Villa Nacusi
Argentina,San Juan,Villa Basilio Nievas
Argentina,San Juan,Villa Basilio Nievas
Argentina,San Juan,Villa Bolaños (Médano de Oro)
Argentina,San Juan,Villa Borjas
Argentina,San Juan,Villa Borjas - La Chimbera
Argentina,San Juan,Villa Centenario
Argentina,San Juan,Villa del Salvador
Argentina,San Juan,Villa Dominguito
Argentina,San Juan,Villa Don Bosco
Argentina,San Juan,Villa El Salvador
Argentina,San Juan,Villa El Salvador - Villa Sefair
Argentina,San Juan,Villa El Tango
Argentina,San Juan,Villa General San Martín - Campo Afuera
Argentina,San Juan,Villa Ibáñez
Argentina,San Juan,Villa Independencia
Argentina,San Juan,Villa Malvinas Argentinas
Argentina,San Juan,Villa Media Agua
Argentina,San Juan,Villa Mercedes
Argentina,San Juan,Villa Nacusi
Argentina,San Juan,Villa San Agustín
Argentina,San Juan,Villa San Martín
Argentina,San Juan,Villa Santa Rosa
Argentina,San Juan,Villa Sefair
Argentina,San Juan,Villa Tacú
Argentina,San Luis,5ta Brigada
Argentina,San Luis,Alto Pelado
Argentina,San Luis,Alto Pencoso
Argentina,San Luis,Anchorena
Argentina,San Luis,Arizona
Argentina,San Luis,Bagual
Argentina,San Luis,Balde
Argentina,San Luis,Batavia
Argentina,San Luis,Beazley
Argentina,San Luis,Buena Esperanza
Argentina,San Luis,Candelaria
Argentina,San Luis,Carolina
Argentina,San Luis,Carpintería
Argentina,San Luis,Cazador
Argentina,San Luis,Cerro Colorado
Argentina,San Luis,Chosmes
Argentina,San Luis,Concarán
Argentina,San Luis,Cortaderas
Argentina,San Luis,Country Club Los Caldenes
Argentina,San Luis,Cruz de Piedra
Argentina,San Luis,Desaguadero
Argentina,San Luis,El Chorrillo
Argentina,San Luis,El Trapiche
Argentina,San Luis,El Volcán
Argentina,San Luis,Estancia Grande
Argentina,San Luis,Fortín El Patria
Argentina,San Luis,Fortuna
Argentina,San Luis,Fraga
Argentina,San Luis,Jarilla
Argentina,San Luis,Juan Jorba
Argentina,San Luis,Juan Llerena
Argentina,San Luis,Juana Koslay
Argentina,San Luis,Justo Daract
Argentina,San Luis,La Calera
Argentina,San Luis,La Florida
Argentina,San Luis,La Maroma
Argentina,San Luis,La Punilla
Argentina,San Luis,La Punta
Argentina,San Luis,La Ribera
Argentina,San Luis,La Toma
Argentina,San Luis,La Vertiente
Argentina,San Luis,Lafinur
Argentina,San Luis,Las Aguadas
Argentina,San Luis,Las Chacras
Argentina,San Luis,Las Chacras
Argentina,San Luis,Las Lagunas
Argentina,San Luis,Lavaisse
Argentina,San Luis,Leandro N. Alem
Argentina,San Luis,Los Cajones
Argentina,San Luis,Los Molles
Argentina,San Luis,Los Overos
Argentina,San Luis,Luján
Argentina,San Luis,Martín de Loyola
Argentina,San Luis,Merlo
Argentina,San Luis,Mosmota
Argentina,San Luis,Nación Ranquel
Argentina,San Luis,Nahuel Mapá
Argentina,San Luis,Naschel
Argentina,San Luis,Navia
Argentina,San Luis,Nogolí
Argentina,San Luis,Nueva Galia
Argentina,San Luis,Papagayos
Argentina,San Luis,Paso Grande
Argentina,San Luis,Potrerillo
Argentina,San Luis,Potrero de los Funes
Argentina,San Luis,Quines
Argentina,San Luis,Renca
Argentina,San Luis,Riocito
Argentina,San Luis,Saladillo
Argentina,San Luis,Salinas del Bebedero
Argentina,San Luis,San Francisco del Monte de Oro
Argentina,San Luis,San Jerónimo
Argentina,San Luis,San José del Morro
Argentina,San Luis,San Luis
Argentina,San Luis,San Martín
Argentina,San Luis,San Pablo
Argentina,San Luis,San Roque
Argentina,San Luis,Santa Rosa del Conlara
Argentina,San Luis,Talita
Argentina,San Luis,Tilisarao
Argentina,San Luis,Unión
Argentina,San Luis,Villa de la Quebrada
Argentina,San Luis,Villa de Praga
Argentina,San Luis,Villa del Carmen
Argentina,San Luis,Villa General Roca
Argentina,San Luis,Villa Larca
Argentina,San Luis,Villa Mercedes
Argentina,San Luis,Villa Mercedes
Argentina,San Luis,Villa Reynolds
Argentina,San Luis,Villa Salles
Argentina,San Luis,Zanjitas
Argentina,Santa Cruz,28 de Noviembre
Argentina,Santa Cruz,Bajo Caracoles
Argentina,Santa Cruz,Caleta Olivia
Argentina,Santa Cruz,Cañadón Seco
Argentina,Santa Cruz,Comandante Luis Piedrabuena
Argentina,Santa Cruz,El Calafate
Argentina,Santa Cruz,El Chaltén
Argentina,Santa Cruz,El Turbio
Argentina,Santa Cruz,Fitz Roy
Argentina,Santa Cruz,Gobernador Gregores
Argentina,Santa Cruz,Hipólito Yrigoyen
Argentina,Santa Cruz,Jaramillo
Argentina,Santa Cruz,Julia Dufour
Argentina,Santa Cruz,Koluel Kaike
Argentina,Santa Cruz,Las Heras
Argentina,Santa Cruz,Los Antiguos
Argentina,Santa Cruz,Perito Moreno
Argentina,Santa Cruz,Pico Truncado
Argentina,Santa Cruz,Puerto Deseado
Argentina,Santa Cruz,Puerto San Julián
Argentina,Santa Cruz,Puerto Santa Cruz
Argentina,Santa Cruz,Río Gallegos
Argentina,Santa Cruz,Rospentek
Argentina,Santa Cruz,Tellier
Argentina,Santa Cruz,Tres Lagos
Argentina,Santa Cruz,Yacimientos Río Turbio
Argentina,Santa Fe,Aarón Castellanos
Argentina,Santa Fe,Acébal
Argentina,Santa Fe,Aguará Grande
Argentina,Santa Fe,Albarellos
Argentina,Santa Fe,Alcorta
Argentina,Santa Fe,Aldao
Argentina,Santa Fe,Aldao
Argentina,Santa Fe,Alejandra
Argentina,Santa Fe,Álvarez
Argentina,Santa Fe,Alvear
Argentina,Santa Fe,Ambrosetti
Argentina,Santa Fe,Amenábar
Argentina,Santa Fe,Angel Gallardo
Argentina,Santa Fe,Angélica
Argentina,Santa Fe,Angeloni
Argentina,Santa Fe,Arbilla
Argentina,Santa Fe,Arequito
Argentina,Santa Fe,Arminda
Argentina,Santa Fe,Armstrong
Argentina,Santa Fe,Arocena
Argentina,Santa Fe,Arroyo Aguiar
Argentina,Santa Fe,Arroyo Ceibal
Argentina,Santa Fe,Arroyo Leyes
Argentina,Santa Fe,Arroyo Leyes
Argentina,Santa Fe,Arroyo Seco
Argentina,Santa Fe,Arrufo
Argentina,Santa Fe,Arteaga
Argentina,Santa Fe,Ataliva
Argentina,Santa Fe,Aurelia
Argentina,Santa Fe,Avellaneda
Argentina,Santa Fe,Balneario La Verde
Argentina,Santa Fe,Balneario Monje
Argentina,Santa Fe,Barrancas
Argentina,Santa Fe,Barrio Arroyo del Medio
Argentina,Santa Fe,Barrio Caima
Argentina,Santa Fe,Barrio Cicarelli
Argentina,Santa Fe,Barrio El Pacaá - Barrio Comipini
Argentina,Santa Fe,Barrio Mitre
Argentina,Santa Fe,Barrios Acapulco y Veracruz
Argentina,Santa Fe,Bauer y Sigel
Argentina,Santa Fe,Bella Italia
Argentina,Santa Fe,Beravebú
Argentina,Santa Fe,Berna
Argentina,Santa Fe,Bernardo de Irigoyen
Argentina,Santa Fe,Bigand
Argentina,Santa Fe,Bombal
Argentina,Santa Fe,Bouquet
Argentina,Santa Fe,Bustinza
Argentina,Santa Fe,Cabal
Argentina,Santa Fe,Cacique Ariacaiquín
Argentina,Santa Fe,Cafferata
Argentina,Santa Fe,Calchaquí
Argentina,Santa Fe,Campo Andino
Argentina,Santa Fe,Candioti
Argentina,Santa Fe,Cañada de Gómez
Argentina,Santa Fe,Cañada del Ucle
Argentina,Santa Fe,Cañada Ombú
Argentina,Santa Fe,Cañada Rica
Argentina,Santa Fe,Cañada Rosquín
Argentina,Santa Fe,Capitán Bermúdez
Argentina,Santa Fe,Capivara
Argentina,Santa Fe,Carcarañá
Argentina,Santa Fe,Carlos Pellegrini
Argentina,Santa Fe,Carmen
Argentina,Santa Fe,Carmen del Sauce
Argentina,Santa Fe,Carreras
Argentina,Santa Fe,Carrizales
Argentina,Santa Fe,Casalegno
Argentina,Santa Fe,Casas
Argentina,Santa Fe,Casilda
Argentina,Santa Fe,Castelar
Argentina,Santa Fe,Castellanos
Argentina,Santa Fe,Cavour
Argentina,Santa Fe,Cayastá
Argentina,Santa Fe,Cayastacito
Argentina,Santa Fe,Centeno
Argentina,Santa Fe,Cepeda
Argentina,Santa Fe,Ceres
Argentina,Santa Fe,Chabas
Argentina,Santa Fe,Chañar Ladeado
Argentina,Santa Fe,Chapuy
Argentina,Santa Fe,Chovet
Argentina,Santa Fe,Christophersen
Argentina,Santa Fe,Classon
Argentina,Santa Fe,Colmena
Argentina,Santa Fe,Colonia Ana
Argentina,Santa Fe,Colonia Belgrano
Argentina,Santa Fe,Colonia Bicha
Argentina,Santa Fe,Colonia Bossi
Argentina,Santa Fe,Colonia Cello
Argentina,Santa Fe,Colonia Dolores
Argentina,Santa Fe,Colonia Durán
Argentina,Santa Fe,Colonia Margarita
Argentina,Santa Fe,Colonia Médici
Argentina,Santa Fe,Colonia Raquel
Argentina,Santa Fe,Colonia Rosa
Argentina,Santa Fe,Constanza
Argentina,Santa Fe,Coronda
Argentina,Santa Fe,Coronel Arnold
Argentina,Santa Fe,Coronel Bogado
Argentina,Santa Fe,Coronel Fraga
Argentina,Santa Fe,Coronel Rodolfo S. Domínguez
Argentina,Santa Fe,Correa
Argentina,Santa Fe,Crispi
Argentina,Santa Fe,Cuatro Esquinas
Argentina,Santa Fe,Cululú
Argentina,Santa Fe,Curupaytí
Argentina,Santa Fe,Desvío Arijón
Argentina,Santa Fe,Díaz
Argentina,Santa Fe,Diego de Alvear
Argentina,Santa Fe,Egusquiza
Argentina,Santa Fe,El Araza
Argentina,Santa Fe,El Caramelo
Argentina,Santa Fe,El Rabón
Argentina,Santa Fe,El Trébol
Argentina,Santa Fe,Elisa
Argentina,Santa Fe,Elortondo
Argentina,Santa Fe,Emilia
Argentina,Santa Fe,Empalme San Carlos
Argentina,Santa Fe,Empalme Villa Constitución
Argentina,Santa Fe,Esmeralda
Argentina,Santa Fe,Esperanza
Argentina,Santa Fe,Estación Clucellas
Argentina,Santa Fe,Estación Presidente Roca
Argentina,Santa Fe,Estación Saguier
Argentina,Santa Fe,Esteban Rams
Argentina,Santa Fe,Esther
Argentina,Santa Fe,Eusebia y Carolina
Argentina,Santa Fe,Eustolia
Argentina,Santa Fe,Felicia
Argentina,Santa Fe,Fighiera
Argentina,Santa Fe,Firmat
Argentina,Santa Fe,Firmat
Argentina,Santa Fe,Florencia
Argentina,Santa Fe,Fortín Olmos
Argentina,Santa Fe,Franck
Argentina,Santa Fe,Fray Luis Beltrán
Argentina,Santa Fe,Frontera
Argentina,Santa Fe,Fuentes
Argentina,Santa Fe,Funes
Argentina,Santa Fe,Gaboto
Argentina,Santa Fe,Gálvez
Argentina,Santa Fe,Garabato
Argentina,Santa Fe,Garibaldi
Argentina,Santa Fe,Gato Colorado
Argentina,Santa Fe,General Gelly
Argentina,Santa Fe,General Lagos
Argentina,Santa Fe,Gessler
Argentina,Santa Fe,Gobernador Crespo
Argentina,Santa Fe,Gödeken
Argentina,Santa Fe,Godoy
Argentina,Santa Fe,Golondrina
Argentina,Santa Fe,Granadero Baigorria
Argentina,Santa Fe,Gregoria Pérez de Denis
Argentina,Santa Fe,Grutly
Argentina,Santa Fe,Guadalupe Norte
Argentina,Santa Fe,Helvecia
Argentina,Santa Fe,Hersilia
Argentina,Santa Fe,Hipatía
Argentina,Santa Fe,Huanqueros
Argentina,Santa Fe,Hughes
Argentina,Santa Fe,Humberto Primo
Argentina,Santa Fe,Humboldt
Argentina,Santa Fe,Ibarlucea
Argentina,Santa Fe,Ingeniero Chanourdie
Argentina,Santa Fe,Intiyaco
Argentina,Santa Fe,Irigoyen
Argentina,Santa Fe,Jacinto L. Aráuz
Argentina,Santa Fe,Josefina
Argentina,Santa Fe,Juan B. Molina
Argentina,Santa Fe,Juncal
Argentina,Santa Fe,Kilómetro 101
Argentina,Santa Fe,Kilómetro 115
Argentina,Santa Fe,La Brava
Argentina,Santa Fe,La Cabral
Argentina,Santa Fe,La Chispa
Argentina,Santa Fe,La Criolla
Argentina,Santa Fe,La Gallareta
Argentina,Santa Fe,La Isleta
Argentina,Santa Fe,La Lucila
Argentina,Santa Fe,La Pelada
Argentina,Santa Fe,La Penca y Caraguatá
Argentina,Santa Fe,La Rubia
Argentina,Santa Fe,La Sarita
Argentina,Santa Fe,La Vanguardia
Argentina,Santa Fe,Labordeboy
Argentina,Santa Fe,Laguna Paiva
Argentina,Santa Fe,Landeta
Argentina,Santa Fe,Lanteri
Argentina,Santa Fe,Larguía
Argentina,Santa Fe,Larrechea
Argentina,Santa Fe,Las Avispas
Argentina,Santa Fe,Las Bandurrias
Argentina,Santa Fe,Las Garzas
Argentina,Santa Fe,Las Palmeras
Argentina,Santa Fe,Las Parejas
Argentina,Santa Fe,Las Petacas
Argentina,Santa Fe,Las Rosas
Argentina,Santa Fe,Las Toscas
Argentina,Santa Fe,Las Tunas
Argentina,Santa Fe,Lazzarino
Argentina,Santa Fe,Lehmann
Argentina,Santa Fe,Llambi Campbell
Argentina,Santa Fe,Logroño
Argentina,Santa Fe,Loma Alta
Argentina,Santa Fe,López
Argentina,Santa Fe,Los Amores
Argentina,Santa Fe,Los Cardos
Argentina,Santa Fe,Los Laureles
Argentina,Santa Fe,Los Molinos
Argentina,Santa Fe,Los Muchachos - La Alborada
Argentina,Santa Fe,Los Nogales
Argentina,Santa Fe,Los Quirquinchos
Argentina,Santa Fe,Los Zapallos
Argentina,Santa Fe,Lucio V. López
Argentina,Santa Fe,Luis Palacios
Argentina,Santa Fe,Maciel
Argentina,Santa Fe,Maggiolo
Argentina,Santa Fe,Malabrigo
Argentina,Santa Fe,Marcelino Escalada
Argentina,Santa Fe,Margarita
Argentina,Santa Fe,María Juana
Argentina,Santa Fe,María Luisa
Argentina,Santa Fe,María Susana
Argentina,Santa Fe,María Teresa
Argentina,Santa Fe,Matilde
Argentina,Santa Fe,Máximo Paz
Argentina,Santa Fe,Melincué
Argentina,Santa Fe,Miguel Torres
Argentina,Santa Fe,Moisés Ville
Argentina,Santa Fe,Monigotes
Argentina,Santa Fe,Monje
Argentina,Santa Fe,Monte Flores
Argentina,Santa Fe,Monte Vera
Argentina,Santa Fe,Montefiore
Argentina,Santa Fe,Montes de Oca
Argentina,Santa Fe,Murphy
Argentina,Santa Fe,Naré
Argentina,Santa Fe,Nelson
Argentina,Santa Fe,Nueva Lehmann
Argentina,Santa Fe,Nuevo Torino
Argentina,Santa Fe,Ñanducita
Argentina,Santa Fe,Oliveros
Argentina,Santa Fe,Palacios
Argentina,Santa Fe,Paraje 29
Argentina,Santa Fe,Paraje Chaco Chico
Argentina,Santa Fe,Paraje La Costa
Argentina,Santa Fe,Paraje San Manuel
Argentina,Santa Fe,Pavón
Argentina,Santa Fe,Pavón Arriba
Argentina,Santa Fe,Pedro Gómez Cello
Argentina,Santa Fe,Pérez
Argentina,Santa Fe,Peyrano
Argentina,Santa Fe,Piamonte
Argentina,Santa Fe,Pilar
Argentina,Santa Fe,Piñero
Argentina,Santa Fe,Plaza Clucellas
Argentina,Santa Fe,Plaza Matilde
Argentina,Santa Fe,Plaza Saguier
Argentina,Santa Fe,Pozo Borrado
Argentina,Santa Fe,Pozo de los Indios
Argentina,Santa Fe,Presidente Roca
Argentina,Santa Fe,Presidente Roca
Argentina,Santa Fe,Progreso
Argentina,Santa Fe,Providencia
Argentina,Santa Fe,Pueblo Andino
Argentina,Santa Fe,Pueblo Esther
Argentina,Santa Fe,Pueblo Marini
Argentina,Santa Fe,Pueblo Muñóz
Argentina,Santa Fe,Pueblo Santa Lucía
Argentina,Santa Fe,Pueblo Uranga
Argentina,Santa Fe,Puerto Aragón
Argentina,Santa Fe,Puerto Arroyo Seco
Argentina,Santa Fe,Puerto General San Martín
Argentina,Santa Fe,Puerto Reconquista
Argentina,Santa Fe,Pujato
Argentina,Santa Fe,Rafaela
Argentina,Santa Fe,Ramayón
Argentina,Santa Fe,Ramona
Argentina,Santa Fe,Reconquista
Argentina,Santa Fe,Recreo
Argentina,Santa Fe,Ricardone
Argentina,Santa Fe,Rincón Norte
Argentina,Santa Fe,Rincón Potrero
Argentina,Santa Fe,Roldán
Argentina,Santa Fe,Romang
Argentina,Santa Fe,Rosario
Argentina,Santa Fe,Rueda
Argentina,Santa Fe,Rufino
Argentina,Santa Fe,Sa Pereyra
Argentina,Santa Fe,Saladero Mariano Cabal
Argentina,Santa Fe,Salto Grande
Argentina,Santa Fe,San Agustín
Argentina,Santa Fe,San Antonio
Argentina,Santa Fe,San Antonio de Obligado
Argentina,Santa Fe,San Bernardo
Argentina,Santa Fe,San Bernardo
Argentina,Santa Fe,San Carlos Centro
Argentina,Santa Fe,San Carlos Norte
Argentina,Santa Fe,San Carlos Sud
Argentina,Santa Fe,San Cristóbal
Argentina,Santa Fe,San Eduardo
Argentina,Santa Fe,San Eugenio
Argentina,Santa Fe,San Fabián
Argentina,Santa Fe,San Francisco de Santa Fe
Argentina,Santa Fe,San Genaro
Argentina,Santa Fe,San Genaro Norte
Argentina,Santa Fe,San Gregorio
Argentina,Santa Fe,San Guillermo
Argentina,Santa Fe,San Javier
Argentina,Santa Fe,San Jerónimo del Sauce
Argentina,Santa Fe,San Jerónimo Norte
Argentina,Santa Fe,San Jerónimo Sud
Argentina,Santa Fe,San Jorge
Argentina,Santa Fe,San José de la Esquina
Argentina,Santa Fe,San José del Rincón
Argentina,Santa Fe,San Justo
Argentina,Santa Fe,San Lorenzo
Argentina,Santa Fe,San Mariano
Argentina,Santa Fe,San Martín de las Escobas
Argentina,Santa Fe,San Martín Norte
Argentina,Santa Fe,San Vicente
Argentina,Santa Fe,Sancti Spiritu
Argentina,Santa Fe,Sanford
Argentina,Santa Fe,Santa Clara de Buena Vista
Argentina,Santa Fe,Santa Clara de Saguier
Argentina,Santa Fe,Santa Fe
Argentina,Santa Fe,Santa Isabel
Argentina,Santa Fe,Santa Margarita
Argentina,Santa Fe,Santa Rosa de Calchines
Argentina,Santa Fe,Santa Teresa
Argentina,Santa Fe,Santo Domingo
Argentina,Santa Fe,Santo Tomé
Argentina,Santa Fe,Santurce
Argentina,Santa Fe,Sargento Cabral
Argentina,Santa Fe,Sarmiento
Argentina,Santa Fe,Sastre
Argentina,Santa Fe,Sauce Viejo
Argentina,Santa Fe,Sauce Viejo
Argentina,Santa Fe,Serodino
Argentina,Santa Fe,Silva
Argentina,Santa Fe,Soldini
Argentina,Santa Fe,Soledad
Argentina,Santa Fe,Stephenson
Argentina,Santa Fe,Suardi
Argentina,Santa Fe,Sunchales
Argentina,Santa Fe,Susana
Argentina,Santa Fe,Tacuarendí
Argentina,Santa Fe,Tacural
Argentina,Santa Fe,Tartagal
Argentina,Santa Fe,Teodelina
Argentina,Santa Fe,Theobald
Argentina,Santa Fe,Timbúes
Argentina,Santa Fe,Toba
Argentina,Santa Fe,Tortugas
Argentina,Santa Fe,Tostado
Argentina,Santa Fe,Totoras
Argentina,Santa Fe,Traill
Argentina,Santa Fe,Venado Tuerto
Argentina,Santa Fe,Vera
Argentina,Santa Fe,Vera y Pintado
Argentina,Santa Fe,Videla
Argentina,Santa Fe,Vila
Argentina,Santa Fe,Villa Adelina
Argentina,Santa Fe,Villa Amelia
Argentina,Santa Fe,Villa Ana
Argentina,Santa Fe,Villa Cañás
Argentina,Santa Fe,Villa Constitución
Argentina,Santa Fe,Villa del Plata
Argentina,Santa Fe,Villa Eloísa
Argentina,Santa Fe,Villa Elvira
Argentina,Santa Fe,Villa Gobernador Gálvez
Argentina,Santa Fe,Villa Guillermina
Argentina,Santa Fe,Villa Josefina
Argentina,Santa Fe,Villa La Rivera (Oliveros)
Argentina,Santa Fe,Villa La Rivera (Pueblo Andino)
Argentina,Santa Fe,Villa Laura
Argentina,Santa Fe,Villa Minetti
Argentina,Santa Fe,Villa Mugueta
Argentina,Santa Fe,Villa Ocampo
Argentina,Santa Fe,Villa San José
Argentina,Santa Fe,Villa Saralegui
Argentina,Santa Fe,Villa Trinidad
Argentina,Santa Fe,Villada
Argentina,Santa Fe,Virginia
Argentina,Santa Fe,Wheelwright
Argentina,Santa Fe,Wildermuth
Argentina,Santa Fe,Zavalla
Argentina,Santa Fe,Zenón Pereyra
Argentina,Santiago del Estero,Abra Grande
Argentina,Santiago del Estero,Aerolito
Argentina,Santiago del Estero,Alhuampa
Argentina,Santiago del Estero,Ancaján
Argentina,Santiago del Estero,Antajé
Argentina,Santiago del Estero,Añatuya
Argentina,Santiago del Estero,Ardiles
Argentina,Santiago del Estero,Argentina
Argentina,Santiago del Estero,Árraga
Argentina,Santiago del Estero,Averías
Argentina,Santiago del Estero,Bandera
Argentina,Santiago del Estero,Bandera Bajada
Argentina,Santiago del Estero,Beltrán
Argentina,Santiago del Estero,Brea Pozo
Argentina,Santiago del Estero,Campo Gallo
Argentina,Santiago del Estero,Cañada Escobar
Argentina,Santiago del Estero,Casares
Argentina,Santiago del Estero,Caspi Corral
Argentina,Santiago del Estero,Chauchillas
Argentina,Santiago del Estero,Chaupi Pozo
Argentina,Santiago del Estero,Chilca Juliana
Argentina,Santiago del Estero,Choya
Argentina,Santiago del Estero,Clodomira
Argentina,Santiago del Estero,Colonia Alpina
Argentina,Santiago del Estero,Colonia Dora
Argentina,Santiago del Estero,Colonia El Simbolar
Argentina,Santiago del Estero,Colonia San Juan
Argentina,Santiago del Estero,Colonia Tinco
Argentina,Santiago del Estero,Coronel Manuel L. Rico
Argentina,Santiago del Estero,Cuatro Bocas
Argentina,Santiago del Estero,Donadeu
Argentina,Santiago del Estero,El 49
Argentina,Santiago del Estero,El Arenal
Argentina,Santiago del Estero,El Bobadal
Argentina,Santiago del Estero,El Caburé
Argentina,Santiago del Estero,El Charco
Argentina,Santiago del Estero,El Charco
Argentina,Santiago del Estero,El Colorado
Argentina,Santiago del Estero,El Crucero
Argentina,Santiago del Estero,El Cuadrado
Argentina,Santiago del Estero,El Deán
Argentina,Santiago del Estero,El Mojón
Argentina,Santiago del Estero,El Mojón
Argentina,Santiago del Estero,El Rincón
Argentina,Santiago del Estero,El Sauzal
Argentina,Santiago del Estero,El Zanjón
Argentina,Santiago del Estero,Estación Atamisqui
Argentina,Santiago del Estero,Estación La Punta
Argentina,Santiago del Estero,Estación Robles
Argentina,Santiago del Estero,Estación Taboada
Argentina,Santiago del Estero,Estación Tacañitas
Argentina,Santiago del Estero,Fernández
Argentina,Santiago del Estero,Fortín Inca
Argentina,Santiago del Estero,Frías
Argentina,Santiago del Estero,Garza
Argentina,Santiago del Estero,Gramilla
Argentina,Santiago del Estero,Gramilla
Argentina,Santiago del Estero,Guardia Escolta
Argentina,Santiago del Estero,Hasse
Argentina,Santiago del Estero,Hernán Mejía Miraval
Argentina,Santiago del Estero,Herrera
Argentina,Santiago del Estero,Huyamampa
Argentina,Santiago del Estero,Icaño
Argentina,Santiago del Estero,Ingeniero Forres
Argentina,Santiago del Estero,Isca Yacu
Argentina,Santiago del Estero,Isca Yacu Semaul
Argentina,Santiago del Estero,La Aurora
Argentina,Santiago del Estero,La Banda
Argentina,Santiago del Estero,La Cañada
Argentina,Santiago del Estero,La Dársena
Argentina,Santiago del Estero,La Invernada
Argentina,Santiago del Estero,La Nena
Argentina,Santiago del Estero,La Nueva Donosa
Argentina,Santiago del Estero,Laprida
Argentina,Santiago del Estero,Las Delicias
Argentina,Santiago del Estero,Las Tinajas
Argentina,Santiago del Estero,Lavalle
Argentina,Santiago del Estero,Libertad
Argentina,Santiago del Estero,Lilo Viejo
Argentina,Santiago del Estero,Los Cardozos
Argentina,Santiago del Estero,Los Juríes
Argentina,Santiago del Estero,Los Miranda
Argentina,Santiago del Estero,Los Núñez
Argentina,Santiago del Estero,Los Pirpintos
Argentina,Santiago del Estero,Los Quiroga
Argentina,Santiago del Estero,Los Soria
Argentina,Santiago del Estero,Los Telares
Argentina,Santiago del Estero,Los Tigres
Argentina,Santiago del Estero,Lugones
Argentina,Santiago del Estero,Maco
Argentina,Santiago del Estero,Malbrán
Argentina,Santiago del Estero,Mansupa
Argentina,Santiago del Estero,Maquito
Argentina,Santiago del Estero,Matará
Argentina,Santiago del Estero,Medellín
Argentina,Santiago del Estero,Minerva
Argentina,Santiago del Estero,Monte Quemado
Argentina,Santiago del Estero,Morales
Argentina,Santiago del Estero,Nueva Esperanza
Argentina,Santiago del Estero,Nueva Francia
Argentina,Santiago del Estero,Palo Negro
Argentina,Santiago del Estero,Pampa de los Guanacos
Argentina,Santiago del Estero,Patay
Argentina,Santiago del Estero,Pozo Betbeder
Argentina,Santiago del Estero,Pozo Hondo
Argentina,Santiago del Estero,Pozuelos
Argentina,Santiago del Estero,Pueblo Pablo Torelo
Argentina,Santiago del Estero,Puesto de San Antonio
Argentina,Santiago del Estero,Quimili
Argentina,Santiago del Estero,Ramírez de Velazco
Argentina,Santiago del Estero,Rapelli
Argentina,Santiago del Estero,Real Sayana
Argentina,Santiago del Estero,Rodeo de Valdez
Argentina,Santiago del Estero,Roversi
Argentina,Santiago del Estero,Sachayoj
Argentina,Santiago del Estero,San José del Boquerón
Argentina,Santiago del Estero,San Pedro
Argentina,Santiago del Estero,San Pedro
Argentina,Santiago del Estero,San Pedro
Argentina,Santiago del Estero,San Pedro
Argentina,Santiago del Estero,Santa María
Argentina,Santiago del Estero,Santiago del Estero
Argentina,Santiago del Estero,Santo Domingo
Argentina,Santiago del Estero,Santos Lugares
Argentina,Santiago del Estero,Selva
Argentina,Santiago del Estero,Simbol
Argentina,Santiago del Estero,Simbolar
Argentina,Santiago del Estero,Sol de Julio
Argentina,Santiago del Estero,Sumamao
Argentina,Santiago del Estero,Sumampa
Argentina,Santiago del Estero,Sumampa Viejo
Argentina,Santiago del Estero,Suncho Corral
Argentina,Santiago del Estero,Tapso
Argentina,Santiago del Estero,Termas de Río Hondo
Argentina,Santiago del Estero,Tintina
Argentina,Santiago del Estero,Tomás Young
Argentina,Santiago del Estero,Tramo 16
Argentina,Santiago del Estero,Tramo 20
Argentina,Santiago del Estero,Urutaú
Argentina,Santiago del Estero,Vaca Huañuna
Argentina,Santiago del Estero,Vilelas
Argentina,Santiago del Estero,Villa Atamisqui
Argentina,Santiago del Estero,Villa Figueroa
Argentina,Santiago del Estero,Villa General Mitre
Argentina,Santiago del Estero,Villa Giménez
Argentina,Santiago del Estero,Villa La Punta
Argentina,Santiago del Estero,Villa Mailín
Argentina,Santiago del Estero,Villa Nueva
Argentina,Santiago del Estero,Villa Ojo de Agua
Argentina,Santiago del Estero,Villa Río Hondo
Argentina,Santiago del Estero,Villa Salavina
Argentina,Santiago del Estero,Villa San Martín (Est. Loreto)
Argentina,Santiago del Estero,Villa Silípica
Argentina,Santiago del Estero,Villa Unión
Argentina,Santiago del Estero,Vilmer
Argentina,Santiago del Estero,Vinará
Argentina,Santiago del Estero,Vuelta de la Barranca
Argentina,Santiago del Estero,Weisburd
Argentina,Santiago del Estero,Yanda
Argentina,Santiago del Estero,Yuchán
Argentina,"Tierra del Fuego, Antártida e Islas del Atlántico Sur",Laguna Escondida
Argentina,"Tierra del Fuego, Antártida e Islas del Atlántico Sur",Puerto Argentino
Argentina,"Tierra del Fuego, Antártida e Islas del Atlántico Sur",Río Grande
Argentina,"Tierra del Fuego, Antártida e Islas del Atlántico Sur",Ushuaia
Argentina,Tucumán,Acheral
Argentina,Tucumán,Aguilares
Argentina,Tucumán,Aguilares
Argentina,Tucumán,Alderetes
Argentina,Tucumán,Alderetes
Argentina,Tucumán,Alpachiri
Argentina,Tucumán,Alto Verde
Argentina,Tucumán,Amaicha del Valle
Argentina,Tucumán,Arcadia
Argentina,Tucumán,Atahona
Argentina,Tucumán,Banda del Río Salí
Argentina,Tucumán,Banda del Río Salí
Argentina,Tucumán,Barrio Aeropuerto
Argentina,Tucumán,Barrio Araujo
Argentina,Tucumán,Barrio Mutual San Martín
Argentina,Tucumán,Barrio San Felipe
Argentina,Tucumán,Barrio San Jorge
Argentina,Tucumán,Bella Vista
Argentina,Tucumán,Campo de Herrera
Argentina,Tucumán,Capitán Cáceres
Argentina,Tucumán,Choromoro
Argentina,Tucumán,Colalao del Valle
Argentina,Tucumán,Colombres
Argentina,Tucumán,Colonia Mayo - Barrio La Milagrosa
Argentina,Tucumán,Concepción
Argentina,Tucumán,Delfín Gallo
Argentina,Tucumán,El Bracho
Argentina,Tucumán,El Cadillal
Argentina,Tucumán,El Chañar
Argentina,Tucumán,El Corte
Argentina,Tucumán,El Manantial
Argentina,Tucumán,El Manantial
Argentina,Tucumán,El Mollar
Argentina,Tucumán,El Naranjo
Argentina,Tucumán,El Paraíso
Argentina,Tucumán,Estación Aráoz
Argentina,Tucumán,Ex Ingenio Esperanza
Argentina,Tucumán,Ex Ingenio Los Ralos
Argentina,Tucumán,Ex Ingenio Luján
Argentina,Tucumán,Ex Ingenio Nueva Baviera
Argentina,Tucumán,Ex Ingenio San José
Argentina,Tucumán,Famaillá
Argentina,Tucumán,Famaillá
Argentina,Tucumán,Garmendia
Argentina,Tucumán,Graneros
Argentina,Tucumán,Iltico
Argentina,Tucumán,Ingenio Fronterita
Argentina,Tucumán,Ingenio La Florida
Argentina,Tucumán,Ingenio San Pablo
Argentina,Tucumán,Ingenio Santa Bárbara
Argentina,Tucumán,Juan Bautista Alberdi
Argentina,Tucumán,La Cocha
Argentina,Tucumán,La Florida
Argentina,Tucumán,La Florida
Argentina,Tucumán,La Ramada
Argentina,Tucumán,La Reducción
Argentina,Tucumán,La Trinidad
Argentina,Tucumán,Lamadrid
Argentina,Tucumán,Las Cejas
Argentina,Tucumán,Lastenia
Argentina,Tucumán,Los Gutiérrez
Argentina,Tucumán,Los Puestos
Argentina,Tucumán,Los Ralos
Argentina,Tucumán,Los Sarmientos
Argentina,Tucumán,Lules
Argentina,Tucumán,Macomitas
Argentina,Tucumán,Manuel García Fernández
Argentina,Tucumán,Medina
Argentina,Tucumán,Monteagudo
Argentina,Tucumán,Monteros
Argentina,Tucumán,Nueva Trinidad
Argentina,Tucumán,Pacará
Argentina,Tucumán,Piedrabuena
Argentina,Tucumán,Pueblo Independencia
Argentina,Tucumán,Ranchillos
Argentina,Tucumán,Río Chico
Argentina,Tucumán,Río Colorado
Argentina,Tucumán,Río Seco
Argentina,Tucumán,San Andrés
Argentina,Tucumán,San José de La Cocha
Argentina,Tucumán,San Miguel de Tucumán
Argentina,Tucumán,San Pedro de Colalao
Argentina,Tucumán,Santa Ana
Argentina,Tucumán,Santa Cruz
Argentina,Tucumán,Santa Lucía
Argentina,Tucumán,Santa Rosa de Leales
Argentina,Tucumán,Sargento Moya
Argentina,Tucumán,Simoca
Argentina,Tucumán,Soldado Maldonado
Argentina,Tucumán,Taco Ralo
Argentina,Tucumán,Tafí del Valle
Argentina,Tucumán,Tafí Viejo
Argentina,Tucumán,Teniente Berdina
Argentina,Tucumán,Villa Belgrano
Argentina,Tucumán,Villa Benjamín Aráoz
Argentina,Tucumán,Villa Burruyacú
Argentina,Tucumán,Villa Carmela
Argentina,Tucumán,Villa Chicligasta
Argentina,Tucumán,Villa Clodomiro Hileret
Argentina,Tucumán,Villa de Leales
Argentina,Tucumán,Villa de Trancas
Argentina,Tucumán,Villa Fiad - Ingenio Leales
Argentina,Tucumán,Villa Mariano Moreno - El Colmenar
Argentina,Tucumán,Villa Padre Monti
Argentina,Tucumán,Villa Quinteros
Argentina,Tucumán,Villa Recaste
Argentina,Tucumán,Villa Tercera
Argentina,Tucumán,Yerba Buena - Marcos Paz
Argentina,Tucumán,Yerba Buena - Marcos Paz
Armenia,Aragatsotn,
Armenia,Ararat,
Armenia,Armavir,
Armenia,Gegharkunik,
Armenia,Kotayk,
Armenia,Lori,
Armenia,Shirak,
Armenia,Syunik,
Armenia,Tavush,
Armenia,Vayots Dzor,
Armenia,Yerevan,
Aruba,Noord,
Aruba,Oranjestad East,
Aruba,Oranjestad West,
Aruba,Paradera,
Aruba,San Nicolaas Noord,
Aruba,San Nicolaas Zuid,
Aruba,Santa Cruz,
Aruba,Savaneta,
Australia,Australian Capital Territory,
Australia,New South Wales,
Australia,Northern Territory,
Australia,Queensland,
Australia,South Australia,
Australia,Tasmania,
Australia,Victoria,
Australia,Western Australia,
Austria,Burgenland,
Austria,Carinthia,
Austria,Lower Austria,
Austria,Salzburg,
Austria,Styria,
Austria,Tyrol,
Austria,Upper Austria,
Austria,Vienna,
Austria,Vorarlberg,
Azerbaijan,Absheron,
Azerbaijan,Agdam,
Azerbaijan,Agdash,
Azerbaijan,Aghjabadi,
Azerbaijan,Agstafa,
Azerbaijan,Agsu,
Azerbaijan,Astara,
Azerbaijan,Babek,
Azerbaijan,Baku,
Azerbaijan,Balakan,
Azerbaijan,Barda,
Azerbaijan,Beylagan,
Azerbaijan,Bilasuvar,
Azerbaijan,Dashkasan,
Azerbaijan,Fizuli,
Azerbaijan,Ganja,
Azerbaijan,Gədəbəy,
Azerbaijan,Gobustan,
Azerbaijan,Goranboy,
Azerbaijan,Goychay,
Azerbaijan,Goygol,
Azerbaijan,Hajigabul,
Azerbaijan,Imishli,
Azerbaijan,Ismailli,
Azerbaijan,Jabrayil,
Azerbaijan,Jalilabad,
Azerbaijan,Julfa,
Azerbaijan,Kalbajar,
Azerbaijan,Kangarli,
Azerbaijan,Khachmaz,
Azerbaijan,Khizi,
Azerbaijan,Khojali,
Azerbaijan,Kurdamir,
Azerbaijan,Lachin,
Azerbaijan,Lankaran,
Azerbaijan,Lankaran,
Azerbaijan,Lerik,
Azerbaijan,Martuni,
Azerbaijan,Masally,
Azerbaijan,Mingachevir,
Azerbaijan,Nakhchivan,
Azerbaijan,Neftchala,
Azerbaijan,Oghuz,
Azerbaijan,Ordubad,
Azerbaijan,Qabala,
Azerbaijan,Qakh,
Azerbaijan,Qazakh,
Azerbaijan,Quba,
Azerbaijan,Qubadli,
Azerbaijan,Qusar,
Azerbaijan,Saatly,
Azerbaijan,Sabirabad,
Azerbaijan,Sadarak,
Azerbaijan,Salyan,
Azerbaijan,Samukh,
Azerbaijan,Shabran,
Azerbaijan,Shahbuz,
Azerbaijan,Shaki,
Azerbaijan,Shaki,
Azerbaijan,Shamakhi,
Azerbaijan,Shamkir,
Azerbaijan,Sharur,
Azerbaijan,Shirvan,
Azerbaijan,Shusha,
Azerbaijan,Siazan,
Azerbaijan,Sumqayit,
Azerbaijan,Tartar,
Azerbaijan,Tovuz,
Azerbaijan,Ujar,
Azerbaijan,Yardymli,
Azerbaijan,Yevlakh,
Azerbaijan,Yevlakh,
Azerbaijan,Zangilan,
Azerbaijan,Zaqatala,
Azerbaijan,Zardab,
Bahrain,Capital,
Bahrain,Central,
Bahrain,Muharraq,
Bahrain,Northern,
Bahrain,Southern,
Bangladesh,Barisal ,
Bangladesh,Chittagong ,
Bangladesh,Dhaka ,
Bangladesh,Khulna ,
Bangladesh,Mymensingh ,
Bangladesh,Rajshahi ,
Bangladesh,Rangpur ,
Bangladesh,Sylhet ,
Barbados,Christ Church,
Barbados,Saint Andrew,
Barbados,Saint George,
Barbados,Saint James,
Barbados,Saint John,
Barbados,Saint Joseph,
Barbados,Saint Lucy,
Barbados,Saint Michael,
Barbados,Saint Peter,
Barbados,Saint Philip,
Barbados,Saint Thomas,
Belarus,Brest,
Belarus,Gomel,
Belarus,Grodno,
Belarus,Minsk,
Belarus,Minsk,
Belarus,Mogilev,
Belarus,Vitebsk,
Belgium,Antwerp,
Belgium,Brussels-Capital ,
Belgium,East Flanders,
Belgium,Flanders,
Belgium,Flemish Brabant,
Belgium,Hainaut,
Belgium,Liège,
Belgium,Limburg,
Belgium,Luxembourg,
Belgium,Namur,
Belgium,Wallonia,
Belgium,Walloon Brabant,
Belgium,West Flanders,
Belize,Belize,
Belize,Cayo,
Belize,Corozal,
Belize,Orange Walk,
Belize,Stann Creek,
Belize,Toledo,
Benin,Alibori,
Benin,Atakora,
Benin,Atlantique,
Benin,Borgou,
Benin,Collines,
Benin,Donga,
Benin,Kouffo,
Benin,Littoral,
Benin,Mono,
Benin,Ouémé,
Benin,Plateau,
Benin,Zou,
Bermuda,Devonshire,
Bermuda,Hamilton,
Bermuda,Paget,
Bermuda,Pembroke,
Bermuda,Saint George's,
Bermuda,Sandys,
Bermuda,Smith's,
Bermuda,Southampton,
Bermuda,Warwick,
Bhutan,Bumthang ,
Bhutan,Chukha ,
Bhutan,Dagana ,
Bhutan,Gasa ,
Bhutan,Haa ,
Bhutan,Lhuntse ,
Bhutan,Mongar ,
Bhutan,Paro ,
Bhutan,Pemagatshel ,
Bhutan,Punakha ,
Bhutan,Samdrup Jongkhar ,
Bhutan,Samtse ,
Bhutan,Sarpang ,
Bhutan,Thimphu ,
Bhutan,Trashi Yangtse,
Bhutan,Trashigang ,
Bhutan,Trongsa ,
Bhutan,Tsirang ,
Bhutan,Wangdue Phodrang ,
Bhutan,Zhemgang ,
Bolivia,Beni,
Bolivia,Chuquisaca,
Bolivia,Cochabamba,
Bolivia,La Paz,
Bolivia,Oruro,
Bolivia,Pando,
Bolivia,Potosí,
Bolivia,Santa Cruz,
Bolivia,Tarija,
"Bonaire, Sint Eustatius and Saba",Bonaire,
"Bonaire, Sint Eustatius and Saba",Saba,
"Bonaire, Sint Eustatius and Saba",Sint Eustatius,
Bosnia and Herzegovina,Bosnian Podrinje,
Bosnia and Herzegovina,Brčko,
Bosnia and Herzegovina,Canton 10,
Bosnia and Herzegovina,Central Bosnia,
Bosnia and Herzegovina,Federation of Bosnia and Herzegovina,
Bosnia and Herzegovina,Herzegovina-Neretva,
Bosnia and Herzegovina,Posavina,
Bosnia and Herzegovina,Republika Srpska,
Bosnia and Herzegovina,Sarajevo,
Bosnia and Herzegovina,Tuzla,
Bosnia and Herzegovina,Una-Sana,
Bosnia and Herzegovina,West Herzegovina,
Bosnia and Herzegovina,Zenica-Doboj,
Botswana,Central,
Botswana,Ghanzi,
Botswana,Kgalagadi,
Botswana,Kgatleng,
Botswana,Kweneng,
Botswana,Ngamiland,
Botswana,North-East,
Botswana,North-West,
Botswana,South-East,
Botswana,Southern,
Brazil,Acre,
Brazil,Alagoas,
Brazil,Amapá,
Brazil,Amazonas,
Brazil,Bahia,
Brazil,Ceará,
Brazil,Distrito Federal,
Brazil,Espírito Santo,
Brazil,Goiás,
Brazil,Maranhão,
Brazil,Mato Grosso,
Brazil,Mato Grosso do Sul,
Brazil,Minas Gerais,
Brazil,Pará,
Brazil,Paraíba,
Brazil,Paraná,
Brazil,Pernambuco,
Brazil,Piauí,
Brazil,Rio de Janeiro,
Brazil,Rio Grande do Norte,
Brazil,Rio Grande do Sul,
Brazil,Rondônia,
Brazil,Roraima,
Brazil,Santa Catarina,
Brazil,São Paulo,
Brazil,Sergipe,
Brazil,Tocantins,
Brunei,Belait,
Brunei,Brunei-Muara,
Brunei,Temburong,
Brunei,Tutong,
Bulgaria,Blagoevgrad,
Bulgaria,Burgas,
Bulgaria,Dobrich,
Bulgaria,Gabrovo,
Bulgaria,Haskovo,
Bulgaria,Kardzhali,
Bulgaria,Kyustendil,
Bulgaria,Lovech,
Bulgaria,Montana,
Bulgaria,Pazardzhik,
Bulgaria,Pernik,
Bulgaria,Pleven,
Bulgaria,Plovdiv,
Bulgaria,Razgrad,
Bulgaria,Ruse,
Bulgaria,Shumen,
Bulgaria,Silistra,
Bulgaria,Sliven,
Bulgaria,Smolyan,
Bulgaria,Sofia,
Bulgaria,Sofia City,
Bulgaria,Stara Zagora,
Bulgaria,Targovishte,
Bulgaria,Varna,
Bulgaria,Veliko Tarnovo,
Bulgaria,Vidin,
Bulgaria,Vratsa,
Bulgaria,Yambol,
Burkina Faso,Balé,
Burkina Faso,Bam,
Burkina Faso,Banwa,
Burkina Faso,Bazèga,
Burkina Faso,Boucle du Mouhoun,
Burkina Faso,Bougouriba,
Burkina Faso,Boulgou,
Burkina Faso,Cascades,
Burkina Faso,Centre,
Burkina Faso,Centre-Est,
Burkina Faso,Centre-Nord,
Burkina Faso,Centre-Ouest,
Burkina Faso,Centre-Sud,
Burkina Faso,Comoé,
Burkina Faso,Est,
Burkina Faso,Ganzourgou,
Burkina Faso,Gnagna,
Burkina Faso,Gourma,
Burkina Faso,Hauts-Bassins,
Burkina Faso,Houet,
Burkina Faso,Ioba,
Burkina Faso,Kadiogo,
Burkina Faso,Kénédougou,
Burkina Faso,Komondjari,
Burkina Faso,Kompienga,
Burkina Faso,Kossi,
Burkina Faso,Koulpélogo,
Burkina Faso,Kouritenga,
Burkina Faso,Kourwéogo,
Burkina Faso,Léraba,
Burkina Faso,Loroum,
Burkina Faso,Mouhoun,
Burkina Faso,Nahouri,
Burkina Faso,Namentenga,
Burkina Faso,Nayala,
Burkina Faso,Nord,
Burkina Faso,Noumbiel,
Burkina Faso,Oubritenga,
Burkina Faso,Oudalan,
Burkina Faso,Passoré,
Burkina Faso,Plateau-Central,
Burkina Faso,Poni,
Burkina Faso,Sahel,
Burkina Faso,Sanguié,
Burkina Faso,Sanmatenga,
Burkina Faso,Séno,
Burkina Faso,Sissili,
Burkina Faso,Soum,
Burkina Faso,Sourou,
Burkina Faso,Sud-Ouest,
Burkina Faso,Tapoa,
Burkina Faso,Tuy,
Burkina Faso,Yagha,
Burkina Faso,Yatenga,
Burkina Faso,Ziro,
Burkina Faso,Zondoma,
Burkina Faso,Zoundwéogo,
Burundi,Bubanza,
Burundi,Bujumbura Mairie,
Burundi,Bujumbura Rural,
Burundi,Bururi,
Burundi,Cankuzo,
Burundi,Cibitoke,
Burundi,Gitega,
Burundi,Karuzi,
Burundi,Kayanza,
Burundi,Kirundo,
Burundi,Makamba,
Burundi,Muramvya,
Burundi,Muyinga,
Burundi,Mwaro,
Burundi,Ngozi,
Burundi,Rumonge,
Burundi,Rutana,
Burundi,Ruyigi,
Cambodia,Banteay Meanchey,
Cambodia,Battambang,
Cambodia,Kampong Cham,
Cambodia,Kampong Chhnang,
Cambodia,Kampong Speu,
Cambodia,Kampong Thom,
Cambodia,Kampot,
Cambodia,Kandal,
Cambodia,Kep,
Cambodia,Koh Kong,
Cambodia,Kratie,
Cambodia,Mondulkiri,
Cambodia,Oddar Meanchey,
Cambodia,Pailin,
Cambodia,Phnom Penh,
Cambodia,Preah Vihear,
Cambodia,Prey Veng,
Cambodia,Pursat,
Cambodia,Ratanakiri,
Cambodia,Siem Reap,
Cambodia,Sihanoukville,
Cambodia,Stung Treng,
Cambodia,Svay Rieng,
Cambodia,Takeo,
Cameroon,Adamawa,
Cameroon,Centre,
Cameroon,East,
Cameroon,Far North,
Cameroon,Littoral,
Cameroon,North,
Cameroon,Northwest,
Cameroon,South,
Cameroon,Southwest,
Cameroon,West,
Canada,Alberta,
Canada,British Columbia,
Canada,Manitoba,
Canada,New Brunswick,
Canada,Newfoundland and Labrador,
Canada,Northwest Territories,
Canada,Nova Scotia,
Canada,Nunavut,
Canada,Ontario,
Canada,Prince Edward Island,
Canada,Quebec,
Canada,Saskatchewan,
Canada,Yukon,
Cape Verde,Barlavento Islands,
Cape Verde,Boa Vista,
Cape Verde,Brava,
Cape Verde,Maio,
Cape Verde,Mosteiros,
Cape Verde,Paul,
Cape Verde,Porto Novo,
Cape Verde,Praia,
Cape Verde,Ribeira Brava,
Cape Verde,Ribeira Grande,
Cape Verde,Ribeira Grande de Santiago,
Cape Verde,Sal,
Cape Verde,Santa Catarina,
Cape Verde,Santa Catarina do Fogo,
Cape Verde,Santa Cruz,
Cape Verde,São Domingos,
Cape Verde,São Filipe,
Cape Verde,São Lourenço dos Órgãos,
Cape Verde,São Miguel,
Cape Verde,São Vicente,
Cape Verde,Sotavento Islands,
Cape Verde,Tarrafal,
Cape Verde,Tarrafal de São Nicolau,
Cayman Islands,Cayman Brac,
Cayman Islands,Grand Cayman,
Cayman Islands,Little Cayman,
Central African Republic,Bamingui-Bangoran,
Central African Republic,Bangui,
Central African Republic,Basse-Kotto,
Central African Republic,Haut-Mbomou,
Central African Republic,Haute-Kotto,
Central African Republic,Kémo,
Central African Republic,Lobaye,
Central African Republic,Mambéré-Kadéï,
Central African Republic,Mbomou,
Central African Republic,Nana-Grébizi,
Central African Republic,Nana-Mambéré,
Central African Republic,Ombella-M'Poko,
Central African Republic,Ouaka,
Central African Republic,Ouham,
Central African Republic,Ouham-Pendé,
Central African Republic,Sangha-Mbaéré,
Central African Republic,Vakaga,
Chad,Bahr el Gazel,
Chad,Batha,
Chad,Borkou,
Chad,Chari-Baguirmi,
Chad,Ennedi-Est,
Chad,Ennedi-Ouest,
Chad,Guéra,
Chad,Hadjer-Lamis,
Chad,Kanem,
Chad,Lac,
Chad,Logone Occidental,
Chad,Logone Oriental,
Chad,Mandoul,
Chad,Mayo-Kebbi Est,
Chad,Mayo-Kebbi Ouest,
Chad,Moyen-Chari,
Chad,N'Djamena,
Chad,Ouaddaï,
Chad,Salamat,
Chad,Sila,
Chad,Tandjilé,
Chad,Tibesti,
Chad,Wadi Fira,
Chile,Aisén del General Carlos Ibañez del Campo,
Chile,Antofagasta,
Chile,Arica y Parinacota,
Chile,Atacama,
Chile,Biobío,
Chile,Coquimbo,
Chile,La Araucanía,
Chile,Libertador General Bernardo O'Higgins,
Chile,Los Lagos,
Chile,Los Ríos,
Chile,Magallanes y de la Antártica Chilena,
Chile,Maule,
Chile,Ñuble,
Chile,Región Metropolitana de Santiago,
Chile,Tarapacá,
Chile,Valparaíso,
China,Anhui,
China,Beijing,
China,Chongqing,
China,Fujian,
China,Gansu,
China,Guangdong,
China,Guangxi Zhuang,
China,Guizhou,
China,Hainan,
China,Hebei,
China,Heilongjiang,
China,Henan,
China,Hong Kong SAR,
China,Hubei,
China,Hunan,
China,Inner Mongolia,
China,Jiangsu,
China,Jiangxi,
China,Jilin,
China,Liaoning,
China,Macau SAR,
China,Ningxia Huizu,
China,Qinghai,
China,Shaanxi,
China,Shandong,
China,Shanghai,
China,Shanxi,
China,Sichuan,
China,Taiwan,
China,Tianjin,
China,Xinjiang,
China,Xizang,
China,Yunnan,
China,Zhejiang,
Colombia,Amazonas,
Colombia,Antioquia,
Colombia,Arauca,
Colombia,Atlántico,
Colombia,Bogotá D.C.,
Colombia,Bolívar,
Colombia,Boyacá,
Colombia,Caldas,
Colombia,Caquetá,
Colombia,Casanare,
Colombia,Cauca,
Colombia,Cesar,
Colombia,Chocó,
Colombia,Córdoba,
Colombia,Cundinamarca,
Colombia,Guainía,
Colombia,Guaviare,
Colombia,Huila,
Colombia,La Guajira,
Colombia,Magdalena,
Colombia,Meta,
Colombia,Nariño,
Colombia,Norte de Santander,
Colombia,Putumayo,
Colombia,Quindío,
Colombia,Risaralda,
Colombia,"San Andrés, Providencia y Santa Catalina",
Colombia,Santander,
Colombia,Sucre,
Colombia,Tolima,
Colombia,Valle del Cauca,
Colombia,Vaupés,
Colombia,Vichada,
Comoros,Anjouan,
Comoros,Grande Comore,
Comoros,Mohéli,
Congo,Bouenza,
Congo,Brazzaville,
Congo,Cuvette,
Congo,Cuvette-Ouest,
Congo,Kouilou,
Congo,Lékoumou,
Congo,Likouala,
Congo,Niari,
Congo,Plateaux,
Congo,Pointe-Noire,
Congo,Pool,
Congo,Sangha,
Costa Rica,Alajuela,
Costa Rica,Cartago,
Costa Rica,Guanacaste,
Costa Rica,Heredia,
Costa Rica,Limón,
Costa Rica,Puntarenas,
Costa Rica,San José,
Cote D'Ivoire (Ivory Coast),Abidjan,
Cote D'Ivoire (Ivory Coast),Agnéby,
Cote D'Ivoire (Ivory Coast),Bafing,
Cote D'Ivoire (Ivory Coast),Bas-Sassandra,
Cote D'Ivoire (Ivory Coast),Bas-Sassandra,
Cote D'Ivoire (Ivory Coast),Comoé,
Cote D'Ivoire (Ivory Coast),Denguélé,
Cote D'Ivoire (Ivory Coast),Denguélé,
Cote D'Ivoire (Ivory Coast),Dix-Huit Montagnes,
Cote D'Ivoire (Ivory Coast),Fromager,
Cote D'Ivoire (Ivory Coast),Gôh-Djiboua,
Cote D'Ivoire (Ivory Coast),Haut-Sassandra,
Cote D'Ivoire (Ivory Coast),Lacs,
Cote D'Ivoire (Ivory Coast),Lacs,
Cote D'Ivoire (Ivory Coast),Lagunes,
Cote D'Ivoire (Ivory Coast),Lagunes,
Cote D'Ivoire (Ivory Coast),Marahoué,
Cote D'Ivoire (Ivory Coast),Montagnes,
Cote D'Ivoire (Ivory Coast),Moyen-Cavally,
Cote D'Ivoire (Ivory Coast),Moyen-Comoé,
Cote D'Ivoire (Ivory Coast),N'zi-Comoé,
Cote D'Ivoire (Ivory Coast),Sassandra-Marahoué,
Cote D'Ivoire (Ivory Coast),Savanes,
Cote D'Ivoire (Ivory Coast),Sud-Bandama,
Cote D'Ivoire (Ivory Coast),Sud-Comoé,
Cote D'Ivoire (Ivory Coast),Vallée du Bandama,
Cote D'Ivoire (Ivory Coast),Vallée du Bandama,
Cote D'Ivoire (Ivory Coast),Woroba,
Cote D'Ivoire (Ivory Coast),Worodougou,
Cote D'Ivoire (Ivory Coast),Yamoussoukro,
Cote D'Ivoire (Ivory Coast),Zanzan,
Croatia,Bjelovar-Bilogora,
Croatia,Brod-Posavina,
Croatia,Dubrovnik-Neretva,
Croatia,Istria,
Croatia,Karlovac,
Croatia,Koprivnica-Križevci,
Croatia,Krapina-Zagorje,
Croatia,Lika-Senj,
Croatia,Međimurje,
Croatia,Osijek-Baranja,
Croatia,Požega-Slavonia,
Croatia,Primorje-Gorski Kotar,
Croatia,Šibenik-Knin,
Croatia,Sisak-Moslavina,
Croatia,Split-Dalmatia,
Croatia,Varaždin,
Croatia,Virovitica-Podravina,
Croatia,Vukovar-Syrmia,
Croatia,Zadar,
Croatia,Zagreb,
Croatia,Zagreb,
Cuba,Artemisa,
Cuba,Camagüey,
Cuba,Ciego de Ávila,
Cuba,Cienfuegos,
Cuba,Granma,
Cuba,Guantánamo,
Cuba,Havana,
Cuba,Holguín,
Cuba,Isla de la Juventud,
Cuba,Las Tunas,
Cuba,Matanzas,
Cuba,Mayabeque,
Cuba,Pinar del Río,
Cuba,Sancti Spíritus,
Cuba,Santiago de Cuba,
Cuba,Villa Clara,
Cyprus,Famagusta (Mağusa),
Cyprus,Kyrenia (Keryneia),
Cyprus,Larnaca (Larnaka),
Cyprus,Limassol (Leymasun),
Cyprus,Nicosia (Lefkoşa),
Cyprus,Paphos (Pafos),
Czech Republic,Benešov,
Czech Republic,Beroun,
Czech Republic,Blansko,
Czech Republic,Břeclav,
Czech Republic,Brno-město,
Czech Republic,Brno-venkov,
Czech Republic,Bruntál,
Czech Republic,Česká Lípa,
Czech Republic,České Budějovice,
Czech Republic,Český Krumlov,
Czech Republic,Cheb,
Czech Republic,Chomutov,
Czech Republic,Chrudim,
Czech Republic,Děčín,
Czech Republic,Domažlice,
Czech Republic,Frýdek-Místek,
Czech Republic,Havlíčkův Brod,
Czech Republic,Hodonín,
Czech Republic,Hradec Králové,
Czech Republic,Jablonec nad Nisou,
Czech Republic,Jeseník,
Czech Republic,Jičín,
Czech Republic,Jihlava,
Czech Republic,Jihočeský kraj,
Czech Republic,Jihomoravský kraj,
Czech Republic,Jindřichův Hradec,
Czech Republic,Karlovarský kraj,
Czech Republic,Karlovy Vary,
Czech Republic,Karviná,
Czech Republic,Kladno,
Czech Republic,Klatovy,
Czech Republic,Kolín,
Czech Republic,Kraj Vysočina,
Czech Republic,Královéhradecký kraj,
Czech Republic,Kroměříž,
Czech Republic,Kutná Hora,
Czech Republic,Liberec,
Czech Republic,Liberecký kraj,
Czech Republic,Litoměřice,
Czech Republic,Louny,
Czech Republic,Mělník,
Czech Republic,Mladá Boleslav,
Czech Republic,Moravskoslezský kraj,
Czech Republic,Most,
Czech Republic,Náchod,
Czech Republic,Nový Jičín,
Czech Republic,Nymburk,
Czech Republic,Olomouc,
Czech Republic,Olomoucký kraj,
Czech Republic,Opava,
Czech Republic,Ostrava-město,
Czech Republic,Pardubice,
Czech Republic,Pardubický kraj,
Czech Republic,Pelhřimov,
Czech Republic,Písek,
Czech Republic,Plzeň-jih,
Czech Republic,Plzeň-město,
Czech Republic,Plzeň-sever,
Czech Republic,Plzeňský kraj,
Czech Republic,Prachatice,
Czech Republic,Praha-východ,
Czech Republic,Praha-západ,
Czech Republic,"Praha, Hlavní město",
Czech Republic,Přerov,
Czech Republic,Příbram,
Czech Republic,Prostějov,
Czech Republic,Rakovník,
Czech Republic,Rokycany,
Czech Republic,Rychnov nad Kněžnou,
Czech Republic,Semily,
Czech Republic,Sokolov,
Czech Republic,Strakonice,
Czech Republic,Středočeský kraj,
Czech Republic,Šumperk,
Czech Republic,Svitavy,
Czech Republic,Tábor,
Czech Republic,Tachov,
Czech Republic,Teplice,
Czech Republic,Třebíč,
Czech Republic,Trutnov,
Czech Republic,Uherské Hradiště,
Czech Republic,Ústecký kraj,
Czech Republic,Ústí nad Labem,
Czech Republic,Ústí nad Orlicí,
Czech Republic,Vsetín,
Czech Republic,Vyškov,
Czech Republic,Žďár nad Sázavou,
Czech Republic,Zlín,
Czech Republic,Zlínský kraj,
Czech Republic,Znojmo,
Democratic Republic of the Congo,Bas-Uélé,
Democratic Republic of the Congo,Équateur,
Democratic Republic of the Congo,Haut-Katanga,
Democratic Republic of the Congo,Haut-Lomami,
Democratic Republic of the Congo,Haut-Uélé,
Democratic Republic of the Congo,Ituri,
Democratic Republic of the Congo,Kasaï,
Democratic Republic of the Congo,Kasaï Central,
Democratic Republic of the Congo,Kasaï Oriental,
Democratic Republic of the Congo,Kinshasa,
Democratic Republic of the Congo,Kongo Central,
Democratic Republic of the Congo,Kwango,
Democratic Republic of the Congo,Kwilu,
Democratic Republic of the Congo,Lomami,
Democratic Republic of the Congo,Lualaba,
Democratic Republic of the Congo,Mai-Ndombe,
Democratic Republic of the Congo,Maniema,
Democratic Republic of the Congo,Mongala,
Democratic Republic of the Congo,Nord-Kivu,
Democratic Republic of the Congo,Nord-Ubangi,
Democratic Republic of the Congo,Sankuru,
Democratic Republic of the Congo,Sud-Kivu,
Democratic Republic of the Congo,Sud-Ubangi,
Democratic Republic of the Congo,Tanganyika,
Democratic Republic of the Congo,Tshopo,
Democratic Republic of the Congo,Tshuapa,
Denmark,Central Denmark,
Denmark,Denmark,
Denmark,North Denmark,
Denmark,Southern Denmark,
Denmark,Zealand,
Djibouti,Ali Sabieh,
Djibouti,Arta,
Djibouti,Dikhil,
Djibouti,Djibouti,
Djibouti,Obock,
Djibouti,Tadjourah,
Dominica,Saint Andrew,
Dominica,Saint David,
Dominica,Saint George,
Dominica,Saint John,
Dominica,Saint Joseph,
Dominica,Saint Luke,
Dominica,Saint Mark,
Dominica,Saint Patrick,
Dominica,Saint Paul,
Dominica,Saint Peter,
Dominican Republic,Azua,
Dominican Republic,Baoruco,
Dominican Republic,Barahona,
Dominican Republic,Dajabón,
Dominican Republic,Distrito Nacional,
Dominican Republic,Duarte,
Dominican Republic,El Seibo,
Dominican Republic,Espaillat,
Dominican Republic,Hato Mayor,
Dominican Republic,Hermanas Mirabal,
Dominican Republic,Independencia,
Dominican Republic,La Altagracia,
Dominican Republic,La Romana,
Dominican Republic,La Vega,
Dominican Republic,María Trinidad Sánchez,
Dominican Republic,Monseñor Nouel,
Dominican Republic,Monte Cristi,
Dominican Republic,Monte Plata,
Dominican Republic,Pedernales,
Dominican Republic,Peravia,
Dominican Republic,Puerto Plata,
Dominican Republic,Samaná,
Dominican Republic,San Cristóbal,
Dominican Republic,San José de Ocoa,
Dominican Republic,San Juan,
Dominican Republic,San Pedro de Macorís,
Dominican Republic,Sánchez Ramírez,
Dominican Republic,Santiago,
Dominican Republic,Santiago Rodríguez,
Dominican Republic,Santo Domingo,
Dominican Republic,Valverde,
Ecuador,Azuay,
Ecuador,Bolívar,
Ecuador,Cañar,
Ecuador,Carchi,
Ecuador,Chimborazo,
Ecuador,Cotopaxi,
Ecuador,El Oro,
Ecuador,Esmeraldas,
Ecuador,Galápagos,
Ecuador,Guayas,
Ecuador,Imbabura,
Ecuador,Loja,
Ecuador,Los Ríos,
Ecuador,Manabí,
Ecuador,Morona-Santiago,
Ecuador,Napo,
Ecuador,Orellana,
Ecuador,Pastaza,
Ecuador,Pichincha,
Ecuador,Santa Elena,
Ecuador,Santo Domingo de los Tsáchilas,
Ecuador,Sucumbíos,
Ecuador,Tungurahua,
Ecuador,Zamora Chinchipe,
Egypt,Alexandria,
Egypt,Aswan,
Egypt,Asyut,
Egypt,Beheira,
Egypt,Beni Suef,
Egypt,Cairo,
Egypt,Dakahlia,
Egypt,Damietta,
Egypt,Faiyum,
Egypt,Gharbia,
Egypt,Giza,
Egypt,Ismailia,
Egypt,Kafr el-Sheikh,
Egypt,Luxor,
Egypt,Matrouh,
Egypt,Minya,
Egypt,Monufia,
Egypt,New Valley,
Egypt,North Sinai,
Egypt,Port Said,
Egypt,Qalyubia,
Egypt,Qena,
Egypt,Red Sea,
Egypt,Sharqia,
Egypt,Sohag,
Egypt,South Sinai,
Egypt,Suez,
El Salvador,Ahuachapán,
El Salvador,Cabañas,
El Salvador,Chalatenango,
El Salvador,Cuscatlán,
El Salvador,La Libertad,
El Salvador,La Paz,
El Salvador,La Unión ,
El Salvador,Morazán,
El Salvador,San Miguel,
El Salvador,San Salvador,
El Salvador,San Vicente,
El Salvador,Santa Ana,
El Salvador,Sonsonate,
El Salvador,Usulután,
Equatorial Guinea,Annobón,
Equatorial Guinea,Bioko Norte,
Equatorial Guinea,Bioko Sur,
Equatorial Guinea,Centro Sur,
Equatorial Guinea,Insular,
Equatorial Guinea,Kié-Ntem,
Equatorial Guinea,Litoral,
Equatorial Guinea,Río Muni,
Equatorial Guinea,Wele-Nzas,
Eritrea,Anseba,
Eritrea,Debub,
Eritrea,Gash-Barka,
Eritrea,Maekel,
Eritrea,Northern Red Sea,
Eritrea,Southern Red Sea,
Estonia,Harju,
Estonia,Hiiu,
Estonia,Ida-Viru,
Estonia,Järva,
Estonia,Jõgeva,
Estonia,Lääne,
Estonia,Lääne-Viru,
Estonia,Pärnu,
Estonia,Põlva,
Estonia,Rapla,
Estonia,Saare,
Estonia,Tartu,
Estonia,Valga,
Estonia,Viljandi,
Estonia,Võru,
Eswatini,Hhohho,
Eswatini,Lubombo,
Eswatini,Manzini,
Eswatini,Shiselweni,
Ethiopia,Addis Ababa,
Ethiopia,Afar,
Ethiopia,Amhara,
Ethiopia,Benishangul-Gumuz,
Ethiopia,Dire Dawa,
Ethiopia,Gambela,
Ethiopia,Harari,
Ethiopia,Oromia,
Ethiopia,Somali,
Ethiopia,"Southern Nations, Nationalities, and Peoples'",
Ethiopia,Tigray,
Faroe Islands,Eysturoy,
Faroe Islands,Northern Isles,
Faroe Islands,Sandoy,
Faroe Islands,Streymoy,
Faroe Islands,Suðuroy,
Faroe Islands,Vágar,
Fiji Islands,Ba,
Fiji Islands,Bua,
Fiji Islands,Cakaudrove,
Fiji Islands,Central,
Fiji Islands,Eastern,
Fiji Islands,Kadavu,
Fiji Islands,Lau,
Fiji Islands,Lomaiviti,
Fiji Islands,Macuata,
Fiji Islands,Nadroga-Navosa,
Fiji Islands,Naitasiri,
Fiji Islands,Namosi,
Fiji Islands,Northern,
Fiji Islands,Ra,
Fiji Islands,Rewa,
Fiji Islands,Rotuma,
Fiji Islands,Serua,
Fiji Islands,Tailevu,
Fiji Islands,Western,
Finland,Åland Islands,
Finland,Central Finland,
Finland,Central Ostrobothnia,
Finland,Finland Proper,
Finland,Kainuu,
Finland,Kymenlaakso,
Finland,Lapland,
Finland,North Karelia,
Finland,Northern Ostrobothnia,
Finland,Northern Savonia,
Finland,Ostrobothnia,
Finland,Päijänne Tavastia,
Finland,Pirkanmaa,
Finland,Satakunta,
Finland,South Karelia,
Finland,Southern Ostrobothnia,
Finland,Southern Savonia,
Finland,Tavastia Proper,
Finland,Uusimaa,
France,Ain,
France,Aisne,
France,Allier,
France,Alpes-de-Haute-Provence,
France,Alpes-Maritimes,
France,Alsace,
France,Ardèche,
France,Ardennes,
France,Ariège,
France,Aube,
France,Aude,
France,Auvergne-Rhône-Alpes,
France,Aveyron,
France,Bas-Rhin,
France,Bouches-du-Rhône,
France,Bourgogne-Franche-Comté,
France,Bretagne,
France,Calvados,
France,Cantal,
France,Centre-Val de Loire,
France,Charente,
France,Charente-Maritime,
France,Cher,
France,Clipperton,
France,Corrèze,
France,Corse,
France,Corse-du-Sud,
France,Côte-d'Or,
France,Côtes-d'Armor,
France,Creuse,
France,Deux-Sèvres,
France,Dordogne,
France,Doubs,
France,Drôme,
France,Essonne,
France,Eure,
France,Eure-et-Loir,
France,Finistère,
France,French Guiana,
France,French Polynesia,
France,French Southern and Antarctic Lands,
France,Gard,
France,Gers,
France,Gironde,
France,Grand-Est,
France,Guadeloupe,
France,Haut-Rhin,
France,Haute-Corse,
France,Haute-Garonne,
France,Haute-Loire,
France,Haute-Marne,
France,Haute-Saône,
France,Haute-Savoie,
France,Haute-Vienne,
France,Hautes-Alpes,
France,Hautes-Pyrénées,
France,Hauts-de-France,
France,Hauts-de-Seine,
France,Hérault,
France,Île-de-France,
France,Ille-et-Vilaine,
France,Indre,
France,Indre-et-Loire,
France,Isère,
France,Jura,
France,La Réunion,
France,Landes,
France,Loir-et-Cher,
France,Loire,
France,Loire-Atlantique,
France,Loiret,
France,Lot,
France,Lot-et-Garonne,
France,Lozère,
France,Maine-et-Loire,
France,Manche,
France,Marne,
France,Martinique,
France,Mayenne,
France,Mayotte,
France,Métropole de Lyon,
France,Meurthe-et-Moselle,
France,Meuse,
France,Morbihan,
France,Moselle,
France,Nièvre,
France,Nord,
France,Normandie,
France,Nouvelle-Aquitaine,
France,Occitanie,
France,Oise,
France,Orne,
France,Paris,
France,Pas-de-Calais,
France,Pays-de-la-Loire,
France,Provence-Alpes-Côte-d’Azur,
France,Puy-de-Dôme,
France,Pyrénées-Atlantiques,
France,Pyrénées-Orientales,
France,Rhône,
France,Saint Pierre and Miquelon,
France,Saint-Barthélemy,
France,Saint-Martin,
France,Saône-et-Loire,
France,Sarthe,
France,Savoie,
France,Seine-et-Marne,
France,Seine-Maritime,
France,Seine-Saint-Denis,
France,Somme,
France,Tarn,
France,Tarn-et-Garonne,
France,Territoire de Belfort,
France,Val-d'Oise,
France,Val-de-Marne,
France,Var,
France,Vaucluse,
France,Vendée,
France,Vienne,
France,Vosges,
France,Wallis and Futuna,
France,Yonne,
France,Yvelines,
Gabon,Estuaire,
Gabon,Haut-Ogooué,
Gabon,Moyen-Ogooué,
Gabon,Ngounié,
Gabon,Nyanga,
Gabon,Ogooué-Ivindo,
Gabon,Ogooué-Lolo,
Gabon,Ogooué-Maritime,
Gabon,Woleu-Ntem,
Georgia,Abkhazia,
Georgia,Adjara,
Georgia,Guria,
Georgia,Imereti,
Georgia,Kakheti,
Georgia,Khelvachauri,
Georgia,Kvemo Kartli,
Georgia,Mtskheta-Mtianeti,
Georgia,Racha-Lechkhumi and Kvemo Svaneti,
Georgia,Samegrelo-Zemo Svaneti,
Georgia,Samtskhe-Javakheti,
Georgia,Senaki,
Georgia,Shida Kartli,
Georgia,Tbilisi,
Germany,Baden-Württemberg,
Germany,Bavaria,
Germany,Berlin,
Germany,Brandenburg,
Germany,Bremen,
Germany,Hamburg,
Germany,Hessen,
Germany,Lower Saxony,
Germany,Mecklenburg-Vorpommern,
Germany,North Rhine-Westphalia,
Germany,Rhineland-Palatinate,
Germany,Saarland,
Germany,Saxony,
Germany,Saxony-Anhalt,
Germany,Schleswig-Holstein,
Germany,Thuringia,
Ghana,Ahafo,
Ghana,Ashanti,
Ghana,Bono,
Ghana,Bono East,
Ghana,Central,
Ghana,Eastern,
Ghana,Greater Accra,
Ghana,North East,
Ghana,Northern,
Ghana,Oti,
Ghana,Savannah,
Ghana,Upper East,
Ghana,Upper West,
Ghana,Volta,
Ghana,Western,
Ghana,Western North,
Greece,Achaea,
Greece,Aetolia-Acarnania,
Greece,Arcadia,
Greece,Argolis,
Greece,Attica,
Greece,Boeotia,
Greece,Central Greece,
Greece,Central Macedonia,
Greece,Chania,
Greece,Corfu,
Greece,Corinthia,
Greece,Crete,
Greece,Drama,
Greece,East Attica,
Greece,East Macedonia and Thrace,
Greece,Epirus,
Greece,Euboea,
Greece,Grevena,
Greece,Imathia ,
Greece,Ioannina,
Greece,Ionian Islands,
Greece,Karditsa,
Greece,Kastoria,
Greece,Kefalonia,
Greece,Kilkis,
Greece,Kozani,
Greece,Laconia,
Greece,Larissa,
Greece,Lefkada,
Greece,Pella,
Greece,Peloponnese,
Greece,Phthiotis,
Greece,Preveza,
Greece,Serres,
Greece,South Aegean,
Greece,Thessaloniki,
Greece,West Greece,
Greece,West Macedonia,
Grenada,Carriacou,
Grenada,Saint Andrew,
Grenada,Saint David,
Grenada,Saint George,
Grenada,Saint John,
Grenada,Saint Mark,
Grenada,Saint Patrick,
Guam,Agana Heights,
Guam,Asan-Maina,
Guam,Barrigada,
Guam,Chalan Pago-Ordot,
Guam,Dededo,
Guam,Hågat,
Guam,Hagåtña,
Guam,Inarajan (Inalåhan),
Guam,Mangilao,
Guam,Merizo (Malesso),
Guam,Mongmong-Toto-Maite,
Guam,Piti,
Guam,Santa Rita (Sånta Rita-Sumai),
Guam,Sinajana,
Guam,Talofofo (Talo'fo'fo),
Guam,Tamuning,
Guam,Umatac (Humåtak),
Guam,Yigo,
Guam,Yona,
Guatemala,Alta Verapaz ,
Guatemala,Baja Verapaz ,
Guatemala,Chimaltenango ,
Guatemala,Chiquimula ,
Guatemala,El Progreso ,
Guatemala,Escuintla ,
Guatemala,Guatemala ,
Guatemala,Huehuetenango ,
Guatemala,Izabal ,
Guatemala,Jalapa ,
Guatemala,Jutiapa ,
Guatemala,Petén ,
Guatemala,Quetzaltenango ,
Guatemala,Quiché ,
Guatemala,Retalhuleu ,
Guatemala,Sacatepéquez ,
Guatemala,San Marcos ,
Guatemala,Santa Rosa ,
Guatemala,Sololá ,
Guatemala,Suchitepéquez ,
Guatemala,Totonicapán ,
Guatemala,Zacapa,
Guinea,Beyla,
Guinea,Boffa,
Guinea,Boké,
Guinea,Boké,
Guinea,Conakry,
Guinea,Coyah,
Guinea,Dabola,
Guinea,Dalaba,
Guinea,Dinguiraye,
Guinea,Dubréka,
Guinea,Faranah,
Guinea,Forécariah,
Guinea,Fria,
Guinea,Gaoual,
Guinea,Guéckédou,
Guinea,Kankan,
Guinea,Kankan,
Guinea,Kérouané,
Guinea,Kindia,
Guinea,Kindia,
Guinea,Kissidougou,
Guinea,Koubia,
Guinea,Koundara,
Guinea,Kouroussa,
Guinea,Labé,
Guinea,Labé,
Guinea,Lélouma,
Guinea,Lola,
Guinea,Macenta,
Guinea,Mali,
Guinea,Mamou,
Guinea,Mamou,
Guinea,Mandiana,
Guinea,Nzérékoré,
Guinea,Nzérékoré,
Guinea,Pita,
Guinea,Siguiri,
Guinea,Télimélé,
Guinea,Tougué,
Guinea,Yomou,
Guinea-Bissau,Bafatá,
Guinea-Bissau,Biombo,
Guinea-Bissau,Bolama,
Guinea-Bissau,Cacheu,
Guinea-Bissau,Gabú,
Guinea-Bissau,Leste,
Guinea-Bissau,Norte,
Guinea-Bissau,Oio,
Guinea-Bissau,Quinara,
Guinea-Bissau,Sul,
Guinea-Bissau,Tombali,
Guyana,Barima-Waini,
Guyana,Cuyuni-Mazaruni,
Guyana,Demerara-Mahaica,
Guyana,East Berbice-Corentyne,
Guyana,Essequibo Islands-West Demerara,
Guyana,Mahaica-Berbice,
Guyana,Pomeroon-Supenaam,
Guyana,Potaro-Siparuni,
Guyana,Upper Demerara-Berbice,
Guyana,Upper Takutu-Upper Essequibo,
Haiti,Artibonite,
Haiti,Centre,
Haiti,Grand'Anse,
Haiti,Nippes,
Haiti,Nord,
Haiti,Nord-Est,
Haiti,Nord-Ouest,
Haiti,Ouest,
Haiti,Sud,
Haiti,Sud-Est,
Honduras,Atlántida,
Honduras,Bay Islands,
Honduras,Choluteca,
Honduras,Colón,
Honduras,Comayagua,
Honduras,Copán,
Honduras,Cortés,
Honduras,El Paraíso,
Honduras,Francisco Morazán,
Honduras,Gracias a Dios,
Honduras,Intibucá,
Honduras,La Paz,
Honduras,Lempira,
Honduras,Ocotepeque,
Honduras,Olancho,
Honduras,Santa Bárbara,
Honduras,Valle,
Honduras,Yoro,
Hong Kong S.A.R.,Central and Western,
Hong Kong S.A.R.,Eastern,
Hong Kong S.A.R.,Islands,
Hong Kong S.A.R.,Kowloon City,
Hong Kong S.A.R.,Kwai Tsing,
Hong Kong S.A.R.,Kwun Tong,
Hong Kong S.A.R.,North,
Hong Kong S.A.R.,Sai Kung,
Hong Kong S.A.R.,Sha Tin,
Hong Kong S.A.R.,Sham Shui Po,
Hong Kong S.A.R.,Southern,
Hong Kong S.A.R.,Tai Po,
Hong Kong S.A.R.,Tsuen Wan,
Hong Kong S.A.R.,Tuen Mun,
Hong Kong S.A.R.,Wan Chai,
Hong Kong S.A.R.,Wong Tai Sin,
Hong Kong S.A.R.,Yau Tsim Mong,
Hong Kong S.A.R.,Yuen Long,
Hungary,Bács-Kiskun,
Hungary,Baranya,
Hungary,Békés,
Hungary,Békéscsaba,
Hungary,Borsod-Abaúj-Zemplén,
Hungary,Budapest,
Hungary,Csongrád County,
Hungary,Debrecen,
Hungary,Dunaújváros,
Hungary,Eger,
Hungary,Érd,
Hungary,Fejér County,
Hungary,Győr,
Hungary,Győr-Moson-Sopron County,
Hungary,Hajdú-Bihar County,
Hungary,Heves County,
Hungary,Hódmezővásárhely,
Hungary,Jász-Nagykun-Szolnok County,
Hungary,Kaposvár,
Hungary,Kecskemét,
Hungary,Komárom-Esztergom,
Hungary,Miskolc,
Hungary,Nagykanizsa,
Hungary,Nógrád County,
Hungary,Nyíregyháza,
Hungary,Pécs,
Hungary,Pest County,
Hungary,Salgótarján,
Hungary,Somogy County,
Hungary,Sopron,
Hungary,Szabolcs-Szatmár-Bereg County,
Hungary,Szeged,
Hungary,Székesfehérvár,
Hungary,Szekszárd,
Hungary,Szolnok,
Hungary,Szombathely,
Hungary,Tatabánya,
Hungary,Tolna County,
Hungary,Vas County,
Hungary,Veszprém,
Hungary,Veszprém County,
Hungary,Zala County,
Hungary,Zalaegerszeg,
Iceland,Capital,
Iceland,Eastern,
Iceland,Northeastern,
Iceland,Northwestern,
Iceland,Southern,
Iceland,Southern Peninsula,
Iceland,Western,
Iceland,Westfjords,
India,Andaman and Nicobar Islands,
India,Andhra Pradesh,
India,Arunachal Pradesh,
India,Assam,
India,Bihar,
India,Chandigarh,
India,Chhattisgarh,
India,Dadra and Nagar Haveli and Daman and Diu,
India,Delhi,
India,Goa,
India,Gujarat,
India,Haryana,
India,Himachal Pradesh,
India,Jammu and Kashmir,
India,Jharkhand,
India,Karnataka,
India,Kerala,
India,Ladakh,
India,Lakshadweep,
India,Madhya Pradesh,
India,Maharashtra,
India,Manipur,
India,Meghalaya,
India,Mizoram,
India,Nagaland,
India,Odisha,
India,Puducherry,
India,Punjab,
India,Rajasthan,
India,Sikkim,
India,Tamil Nadu,
India,Telangana,
India,Tripura,
India,Uttar Pradesh,
India,Uttarakhand,
India,West Bengal,
Indonesia,Aceh,
Indonesia,Bali,
Indonesia,Banten,
Indonesia,Bengkulu,
Indonesia,DI Yogyakarta,
Indonesia,DKI Jakarta,
Indonesia,Gorontalo,
Indonesia,Jambi,
Indonesia,Jawa Barat,
Indonesia,Jawa Tengah,
Indonesia,Jawa Timur,
Indonesia,Kalimantan Barat,
Indonesia,Kalimantan Selatan,
Indonesia,Kalimantan Tengah,
Indonesia,Kalimantan Timur,
Indonesia,Kalimantan Utara,
Indonesia,Kepulauan Bangka Belitung,
Indonesia,Kepulauan Riau,
Indonesia,Lampung,
Indonesia,Maluku,
Indonesia,Maluku Utara,
Indonesia,Nusa Tenggara Barat,
Indonesia,Nusa Tenggara Timur,
Indonesia,Papua,
Indonesia,Papua Barat,
Indonesia,Papua Barat Daya,
Indonesia,Papua Pegunungan,
Indonesia,Papua Selatan,
Indonesia,Papua Tengah,
Indonesia,Riau,
Indonesia,Sulawesi Barat,
Indonesia,Sulawesi Selatan,
Indonesia,Sulawesi Tengah,
Indonesia,Sulawesi Tenggara,
Indonesia,Sulawesi Utara,
Indonesia,Sumatera Barat,
Indonesia,Sumatera Selatan,
Indonesia,Sumatera Utara,
Iran,Alborz,
Iran,Ardabil,
Iran,Bushehr,
Iran,Chaharmahal and Bakhtiari,
Iran,East Azerbaijan,
Iran,Fars,
Iran,Gilan,
Iran,Golestan,
Iran,Hamadan,
Iran,Hormozgan,
Iran,Ilam,
Iran,Isfahan,
Iran,Kerman,
Iran,Kermanshah,
Iran,Khuzestan,
Iran,Kohgiluyeh and Boyer-Ahmad,
Iran,Kurdistan,
Iran,Lorestan,
Iran,Markazi,
Iran,Mazandaran,
Iran,North Khorasan,
Iran,Qazvin,
Iran,Qom,
Iran,Razavi Khorasan,
Iran,Semnan,
Iran,Sistan and Baluchestan,
Iran,South Khorasan,
Iran,Tehran,
Iran,West Azarbaijan,
Iran,Yazd,
Iran,Zanjan,
Iraq,Al Anbar,
Iraq,Al Muthanna,
Iraq,Al-Qādisiyyah,
Iraq,Babylon,
Iraq,Baghdad,
Iraq,Basra,
Iraq,Dhi Qar,
Iraq,Diyala,
Iraq,Dohuk,
Iraq,Erbil,
Iraq,Karbala,
Iraq,Kirkuk,
Iraq,Maysan,
Iraq,Najaf,
Iraq,Nineveh,
Iraq,Saladin,
Iraq,Sulaymaniyah,
Iraq,Wasit,
Ireland,Carlow,
Ireland,Cavan,
Ireland,Clare,
Ireland,Connacht,
Ireland,Cork,
Ireland,Donegal,
Ireland,Dublin,
Ireland,Galway,
Ireland,Kerry,
Ireland,Kildare,
Ireland,Kilkenny,
Ireland,Laois,
Ireland,Leinster,
Ireland,Limerick,
Ireland,Longford,
Ireland,Louth,
Ireland,Mayo,
Ireland,Meath,
Ireland,Monaghan,
Ireland,Munster,
Ireland,Offaly,
Ireland,Roscommon,
Ireland,Sligo,
Ireland,Tipperary,
Ireland,Ulster,
Ireland,Waterford,
Ireland,Westmeath,
Ireland,Wexford,
Ireland,Wicklow,
Israel,Central,
Israel,Haifa,
Israel,Jerusalem,
Israel,Northern,
Israel,Southern,
Israel,Tel Aviv,
Italy,Abruzzo,
Italy,Agrigento,
Italy,Alessandria,
Italy,Ancona,
Italy,Aosta Valley,
Italy,Apulia,
Italy,Ascoli Piceno,
Italy,Asti,
Italy,Avellino,
Italy,Barletta-Andria-Trani,
Italy,Basilicata,
Italy,Belluno,
Italy,Benevento,
Italy,Bergamo,
Italy,Biella,
Italy,Brescia,
Italy,Brindisi,
Italy,Calabria,
Italy,Caltanissetta,
Italy,Campania,
Italy,Campobasso,
Italy,Caserta,
Italy,Catanzaro,
Italy,Chieti,
Italy,Como,
Italy,Cosenza,
Italy,Cremona,
Italy,Crotone,
Italy,Cuneo,
Italy,Emilia-Romagna,
Italy,Enna,
Italy,Fermo,
Italy,Ferrara,
Italy,Foggia,
Italy,Forlì-Cesena,
Italy,Friuli–Venezia Giulia,
Italy,Frosinone,
Italy,Gorizia,
Italy,Grosseto,
Italy,Imperia,
Italy,Isernia,
Italy,L'Aquila,
Italy,La Spezia,
Italy,Latina,
Italy,Lazio,
Italy,Lecce,
Italy,Lecco,
Italy,Liguria,
Italy,Livorno,
Italy,Lodi,
Italy,Lombardy,
Italy,Lucca,
Italy,Macerata,
Italy,Mantua,
Italy,Marche,
Italy,Massa and Carrara,
Italy,Matera,
Italy,Medio Campidano,
Italy,Modena,
Italy,Molise,
Italy,Monza and Brianza,
Italy,Novara,
Italy,Nuoro,
Italy,Oristano,
Italy,Padua,
Italy,Palermo,
Italy,Parma,
Italy,Pavia,
Italy,Perugia,
Italy,Pesaro and Urbino,
Italy,Pescara,
Italy,Piacenza,
Italy,Piedmont,
Italy,Pisa,
Italy,Pistoia,
Italy,Pordenone,
Italy,Potenza,
Italy,Prato,
Italy,Ragusa,
Italy,Ravenna,
Italy,Reggio Emilia,
Italy,Rieti,
Italy,Rimini,
Italy,Rovigo,
Italy,Salerno,
Italy,Sardinia,
Italy,Sassari,
Italy,Savona,
Italy,Sicily,
Italy,Siena,
Italy,Siracusa,
Italy,Sondrio,
Italy,South Sardinia,
Italy,Taranto,
Italy,Teramo,
Italy,Terni,
Italy,Trapani,
Italy,Trentino-South Tyrol,
Italy,Treviso,
Italy,Trieste,
Italy,Tuscany,
Italy,Udine,
Italy,Umbria,
Italy,Varese,
Italy,Veneto,
Italy,Verbano-Cusio-Ossola,
Italy,Vercelli,
Italy,Verona,
Italy,Vibo Valentia,
Italy,Vicenza,
Italy,Viterbo,
Jamaica,Clarendon,
Jamaica,Hanover,
Jamaica,Kingston,
Jamaica,Manchester,
Jamaica,Portland,
Jamaica,Saint Andrew,
Jamaica,Saint Ann,
Jamaica,Saint Catherine,
Jamaica,Saint Elizabeth,
Jamaica,Saint James,
Jamaica,Saint Mary,
Jamaica,Saint Thomas,
Jamaica,Trelawny,
Jamaica,Westmoreland,
Japan,Aichi,
Japan,Akita,
Japan,Aomori,
Japan,Chiba,
Japan,Ehime,
Japan,Fukui,
Japan,Fukuoka,
Japan,Fukushima,
Japan,Gifu,
Japan,Gunma,
Japan,Hiroshima,
Japan,Hokkaidō,
Japan,Hyōgo,
Japan,Ibaraki,
Japan,Ishikawa,
Japan,Iwate,
Japan,Kagawa,
Japan,Kagoshima,
Japan,Kanagawa,
Japan,Kōchi,
Japan,Kumamoto,
Japan,Kyōto,
Japan,Mie,
Japan,Miyagi,
Japan,Miyazaki,
Japan,Nagano,
Japan,Nagasaki,
Japan,Nara,
Japan,Niigata,
Japan,Ōita,
Japan,Okayama,
Japan,Okinawa,
Japan,Ōsaka,
Japan,Saga,
Japan,Saitama,
Japan,Shiga,
Japan,Shimane,
Japan,Shizuoka,
Japan,Tochigi,
Japan,Tokushima,
Japan,Tokyo,
Japan,Tottori,
Japan,Toyama,
Japan,Wakayama,
Japan,Yamagata,
Japan,Yamaguchi,
Japan,Yamanashi,
Jersey,Grouville,
Jersey,St Brelade,
Jersey,St Clement,
Jersey,St Helier,
Jersey,St John,
Jersey,St Lawrence,
Jersey,St Martin,
Jersey,St Mary,
Jersey,St Ouen,
Jersey,St Peter,
Jersey,St Saviour,
Jersey,Trinity,
Jordan,Ajloun,
Jordan,Amman,
Jordan,Aqaba,
Jordan,Balqa,
Jordan,Irbid,
Jordan,Jerash,
Jordan,Karak,
Jordan,Ma'an,
Jordan,Madaba,
Jordan,Mafraq,
Jordan,Tafilah,
Jordan,Zarqa,
Kazakhstan,Akmola,
Kazakhstan,Aktobe,
Kazakhstan,Almaty,
Kazakhstan,Almaty,
Kazakhstan,Astana,
Kazakhstan,Atyrau,
Kazakhstan,Baikonur,
Kazakhstan,East Kazakhstan,
Kazakhstan,Jambyl,
Kazakhstan,Karaganda,
Kazakhstan,Kostanay,
Kazakhstan,Kyzylorda,
Kazakhstan,Mangystau,
Kazakhstan,North Kazakhstan,
Kazakhstan,Pavlodar,
Kazakhstan,Turkestan,
Kazakhstan,West Kazakhstan,
Kenya,Baringo,
Kenya,Bomet,
Kenya,Bungoma,
Kenya,Busia,
Kenya,Elgeyo-Marakwet,
Kenya,Embu,
Kenya,Garissa,
Kenya,Homa Bay,
Kenya,Isiolo,
Kenya,Kajiado,
Kenya,Kakamega,
Kenya,Kericho,
Kenya,Kiambu,
Kenya,Kilifi,
Kenya,Kirinyaga,
Kenya,Kisii,
Kenya,Kisumu,
Kenya,Kitui,
Kenya,Kwale,
Kenya,Laikipia,
Kenya,Lamu,
Kenya,Machakos,
Kenya,Makueni,
Kenya,Mandera,
Kenya,Marsabit,
Kenya,Meru,
Kenya,Migori,
Kenya,Mombasa,
Kenya,Murang'a,
Kenya,Nairobi City,
Kenya,Nakuru,
Kenya,Nandi,
Kenya,Narok,
Kenya,Nyamira,
Kenya,Nyandarua,
Kenya,Nyeri,
Kenya,Samburu,
Kenya,Siaya,
Kenya,Taita–Taveta,
Kenya,Tana River,
Kenya,Tharaka-Nithi,
Kenya,Trans Nzoia,
Kenya,Turkana,
Kenya,Uasin Gishu,
Kenya,Vihiga,
Kenya,Wajir,
Kenya,West Pokot,
Kiribati,Gilbert,
Kiribati,Line,
Kiribati,Phoenix,
Kosovo,Ferizaj,
Kosovo,Gjakove,
Kosovo,Gjilan,
Kosovo,Mitrovica,
Kosovo,Peja,
Kosovo,Pristina,
Kosovo,Prizren,
Kuwait,Al Ahmadi,
Kuwait,Al Farwaniyah,
Kuwait,Al Jahra,
Kuwait,Capital,
Kuwait,Hawalli,
Kuwait,Mubarak Al-Kabeer,
Kyrgyzstan,Batken,
Kyrgyzstan,Bishkek,
Kyrgyzstan,Chuy,
Kyrgyzstan,Issyk-Kul,
Kyrgyzstan,Jalal-Abad,
Kyrgyzstan,Naryn,
Kyrgyzstan,Osh,
Kyrgyzstan,Osh,
Kyrgyzstan,Talas,
Laos,Attapeu,
Laos,Bokeo,
Laos,Bolikhamsai,
Laos,Champasak,
Laos,Houaphanh,
Laos,Khammouane,
Laos,Luang Namtha,
Laos,Luang Prabang,
Laos,Oudomxay,
Laos,Phongsaly,
Laos,Sainyabuli,
Laos,Salavan,
Laos,Savannakhet,
Laos,Sekong,
Laos,Vientiane,
Laos,Vientiane,
Laos,Xaisomboun,
Laos,Xiangkhouang,
Latvia,Ādaži,
Latvia,Aizkraukle,
Latvia,Alūksne,
Latvia,Augšdaugava,
Latvia,Balvi,
Latvia,Bauska,
Latvia,Cēsis,
Latvia,Daugavpils,
Latvia,Dienvidkurzemes,
Latvia,Dobele,
Latvia,Gulbene,
Latvia,Jēkabpils,
Latvia,Jelgava,
Latvia,Jelgava,
Latvia,Jūrmala,
Latvia,Ķekava,
Latvia,Krāslava,
Latvia,Kuldīga,
Latvia,Liepāja,
Latvia,Limbaži,
Latvia,Līvāni,
Latvia,Ludza,
Latvia,Madona,
Latvia,Mārupe,
Latvia,Ogre,
Latvia,Olaine,
Latvia,Preiļi,
Latvia,Rēzekne,
Latvia,Rēzekne,
Latvia,Riga,
Latvia,Ropaži,
Latvia,Salaspils,
Latvia,Saldus,
Latvia,Saulkrasti,
Latvia,Sigulda,
Latvia,Smiltene,
Latvia,Talsi,
Latvia,Tukums,
Latvia,Valka,
Latvia,Valmiera,
Latvia,Varakļāni,
Latvia,Ventspils,
Latvia,Ventspils,
Lebanon,Akkar,
Lebanon,Baalbek-Hermel,
Lebanon,Beirut,
Lebanon,Beqaa,
Lebanon,Mount Lebanon,
Lebanon,Nabatieh,
Lebanon,North,
Lebanon,South,
Lesotho,Berea,
Lesotho,Butha-Buthe,
Lesotho,Leribe,
Lesotho,Mafeteng,
Lesotho,Maseru,
Lesotho,Mohale's Hoek,
Lesotho,Mokhotlong,
Lesotho,Qacha's Nek,
Lesotho,Quthing,
Lesotho,Thaba-Tseka,
Liberia,Bomi,
Liberia,Bong,
Liberia,Gbarpolu,
Liberia,Grand Bassa,
Liberia,Grand Cape Mount,
Liberia,Grand Gedeh,
Liberia,Grand Kru,
Liberia,Lofa,
Liberia,Margibi,
Liberia,Maryland,
Liberia,Montserrado,
Liberia,Nimba,
Liberia,River Cess,
Liberia,River Gee,
Liberia,Sinoe,
Libya,Al Wahat,
Libya,Benghazi,
Libya,Derna,
Libya,Ghat,
Libya,Jabal al Akhdar,
Libya,Jabal al Gharbi,
Libya,Jafara,
Libya,Jufra,
Libya,Kufra,
Libya,Marj,
Libya,Misrata,
Libya,Murqub,
Libya,Murzuq,
Libya,Nalut,
Libya,Nuqat al Khams,
Libya,Sabha,
Libya,Sirte,
Libya,Tripoli,
Libya,Wadi al Hayaa,
Libya,Wadi al Shatii,
Libya,Zawiya,
Liechtenstein,Balzers,
Liechtenstein,Eschen,
Liechtenstein,Gamprin,
Liechtenstein,Mauren,
Liechtenstein,Planken,
Liechtenstein,Ruggell,
Liechtenstein,Schaan,
Liechtenstein,Schellenberg,
Liechtenstein,Triesen,
Liechtenstein,Triesenberg,
Liechtenstein,Vaduz,
Lithuania,Akmenė,
Lithuania,Alytus,
Lithuania,Alytus,
Lithuania,Alytus,
Lithuania,Birštonas,
Lithuania,Biržai,
Lithuania,Druskininkai,
Lithuania,Elektrėnai,
Lithuania,Ignalina,
Lithuania,Jonava,
Lithuania,Joniškis,
Lithuania,Jurbarkas,
Lithuania,Kaišiadorys,
Lithuania,Kalvarija,
Lithuania,Kaunas,
Lithuania,Kaunas,
Lithuania,Kaunas,
Lithuania,Kazlų Rūda,
Lithuania,Kėdainiai,
Lithuania,Kelmė,
Lithuania,Klaipėda,
Lithuania,Klaipeda,
Lithuania,Klaipėda,
Lithuania,Kretinga,
Lithuania,Kupiškis,
Lithuania,Lazdijai,
Lithuania,Marijampolė,
Lithuania,Marijampolė,
Lithuania,Mažeikiai,
Lithuania,Molėtai,
Lithuania,Neringa,
Lithuania,Pagėgiai,
Lithuania,Pakruojis,
Lithuania,Palanga,
Lithuania,Panevėžys,
Lithuania,Panevėžys,
Lithuania,Panevėžys,
Lithuania,Pasvalys,
Lithuania,Plungė,
Lithuania,Prienai,
Lithuania,Radviliškis,
Lithuania,Raseiniai,
Lithuania,Rietavas,
Lithuania,Rokiškis,
Lithuania,Šakiai,
Lithuania,Šalčininkai,
Lithuania,Šiauliai,
Lithuania,Šiauliai,
Lithuania,Šiauliai,
Lithuania,Šilalė ,
Lithuania,Šilutė,
Lithuania,Širvintos,
Lithuania,Skuodas,
Lithuania,Švenčionys,
Lithuania,Tauragė,
Lithuania,Tauragė,
Lithuania,Telšiai,
Lithuania,Telšiai,
Lithuania,Trakai,
Lithuania,Ukmergė,
Lithuania,Utena,
Lithuania,Utena,
Lithuania,Varėna,
Lithuania,Vilkaviškis,
Lithuania,Vilnius,
Lithuania,Vilnius,
Lithuania,Vilnius,
Lithuania,Visaginas,
Lithuania,Zarasai,
Luxembourg,Capellen,
Luxembourg,Clervaux,
Luxembourg,Diekirch,
Luxembourg,Echternach,
Luxembourg,Esch-sur-Alzette,
Luxembourg,Grevenmacher,
Luxembourg,Luxembourg ,
Luxembourg,Mersch,
Luxembourg,Redange,
Luxembourg,Remich,
Luxembourg,Vianden,
Luxembourg,Wiltz,
Madagascar,Antananarivo,
Madagascar,Antsiranana,
Madagascar,Fianarantsoa,
Madagascar,Mahajanga,
Madagascar,Toamasina,
Madagascar,Toliara,
Malawi,Balaka,
Malawi,Blantyre,
Malawi,Central,
Malawi,Chikwawa,
Malawi,Chiradzulu,
Malawi,Chitipa,
Malawi,Dedza,
Malawi,Dowa,
Malawi,Karonga,
Malawi,Kasungu,
Malawi,Likoma,
Malawi,Lilongwe,
Malawi,Machinga,
Malawi,Mangochi,
Malawi,Mchinji,
Malawi,Mulanje,
Malawi,Mwanza,
Malawi,Mzimba,
Malawi,Nkhata Bay,
Malawi,Nkhotakota,
Malawi,Northern,
Malawi,Nsanje,
Malawi,Ntcheu,
Malawi,Ntchisi,
Malawi,Phalombe,
Malawi,Rumphi,
Malawi,Salima,
Malawi,Southern,
Malawi,Thyolo,
Malawi,Zomba,
Malaysia,Johor,
Malaysia,Kedah,
Malaysia,Kelantan,
Malaysia,Kuala Lumpur,
Malaysia,Labuan,
Malaysia,Malacca,
Malaysia,Negeri Sembilan,
Malaysia,Pahang,
Malaysia,Penang,
Malaysia,Perak,
Malaysia,Perlis,
Malaysia,Putrajaya,
Malaysia,Sabah,
Malaysia,Sarawak,
Malaysia,Selangor,
Malaysia,Terengganu,
Maldives,Addu,
Maldives,Alif Alif,
Maldives,Alif Dhaal,
Maldives,Central,
Maldives,Dhaalu,
Maldives,Faafu,
Maldives,Gaafu Alif,
Maldives,Gaafu Dhaalu,
Maldives,Gnaviyani,
Maldives,Haa Alif,
Maldives,Haa Dhaalu,
Maldives,Kaafu,
Maldives,Laamu,
Maldives,Lhaviyani,
Maldives,Malé,
Maldives,Meemu,
Maldives,Noonu,
Maldives,North Central,
Maldives,Raa,
Maldives,Shaviyani,
Maldives,South,
Maldives,South Central,
Maldives,Thaa,
Maldives,Upper South,
Maldives,Vaavu,
Mali,Bamako,
Mali,Gao,
Mali,Kayes,
Mali,Kidal,
Mali,Koulikoro,
Mali,Ménaka,
Mali,Mopti,
Mali,Ségou,
Mali,Sikasso,
Mali,Taoudénit,
Mali,Tombouctou,
Malta,Attard,
Malta,Balzan,
Malta,Birgu,
Malta,Birkirkara,
Malta,Birżebbuġa,
Malta,Cospicua,
Malta,Dingli,
Malta,Fgura,
Malta,Floriana,
Malta,Fontana,
Malta,Għajnsielem,
Malta,Għarb,
Malta,Għargħur,
Malta,Għasri,
Malta,Għaxaq,
Malta,Gudja,
Malta,Gżira,
Malta,Ħamrun,
Malta,Iklin,
Malta,Kalkara,
Malta,Kerċem,
Malta,Kirkop,
Malta,Lija,
Malta,Luqa,
Malta,Marsa,
Malta,Marsaskala,
Malta,Marsaxlokk,
Malta,Mdina,
Malta,Mellieħa,
Malta,Mġarr,
Malta,Mosta,
Malta,Mqabba,
Malta,Msida,
Malta,Mtarfa,
Malta,Munxar,
Malta,Nadur,
Malta,Naxxar,
Malta,Paola,
Malta,Pembroke,
Malta,Pietà,
Malta,Qala,
Malta,Qormi,
Malta,Qrendi,
Malta,Rabat,
Malta,San Ġwann,
Malta,San Lawrenz,
Malta,Sannat,
Malta,Santa Luċija,
Malta,Santa Venera,
Malta,Senglea,
Malta,Siġġiewi,
Malta,Sliema,
Malta,St. Julian's,
Malta,St. Paul's Bay,
Malta,Swieqi,
Malta,Ta' Xbiex,
Malta,Tarxien,
Malta,Valletta,
Malta,Victoria,
Malta,Xagħra,
Malta,Xewkija,
Malta,Xgħajra,
Malta,Żabbar,
Malta,Żebbuġ Gozo,
Malta,Żebbuġ Malta,
Malta,Żejtun,
Malta,Żurrieq,
Man (Isle of),Ayre,
Man (Isle of),Garff,
Man (Isle of),Glenfaba,
Man (Isle of),Michael,
Man (Isle of),Middle,
Man (Isle of),Rushen,
Marshall Islands,Ralik,
Marshall Islands,Ratak,
Mauritania,Adrar,
Mauritania,Assaba,
Mauritania,Brakna,
Mauritania,Dakhlet Nouadhibou,
Mauritania,Gorgol,
Mauritania,Guidimaka,
Mauritania,Hodh Ech Chargui,
Mauritania,Hodh El Gharbi,
Mauritania,Inchiri,
Mauritania,Nouakchott-Nord,
Mauritania,Nouakchott-Ouest,
Mauritania,Nouakchott-Sud,
Mauritania,Tagant,
Mauritania,Tiris Zemmour,
Mauritania,Trarza,
Mauritius,Agalega Islands,
Mauritius,Black River,
Mauritius,Flacq,
Mauritius,Grand Port,
Mauritius,Moka,
Mauritius,Pamplemousses,
Mauritius,Plaines Wilhems,
Mauritius,Port Louis,
Mauritius,Rivière du Rempart,
Mauritius,Rodrigues Island,
Mauritius,Saint Brandon Islands,
Mauritius,Savanne,
Mexico,Aguascalientes,
Mexico,Baja California,
Mexico,Baja California Sur,
Mexico,Campeche,
Mexico,Chiapas,
Mexico,Chihuahua,
Mexico,Ciudad de México,
Mexico,Coahuila de Zaragoza,
Mexico,Colima,
Mexico,Durango,
Mexico,Estado de México,
Mexico,Guanajuato,
Mexico,Guerrero,
Mexico,Hidalgo,
Mexico,Jalisco,
Mexico,Michoacán de Ocampo,
Mexico,Morelos,
Mexico,Nayarit,
Mexico,Nuevo León,
Mexico,Oaxaca,
Mexico,Puebla,
Mexico,Querétaro,
Mexico,Quintana Roo,
Mexico,San Luis Potosí,
Mexico,Sinaloa,
Mexico,Sonora,
Mexico,Tabasco,
Mexico,Tamaulipas,
Mexico,Tlaxcala,
Mexico,Veracruz de Ignacio de la Llave,
Mexico,Yucatán,
Mexico,Zacatecas,
Micronesia,Chuuk,
Micronesia,Kosrae,
Micronesia,Pohnpei,
Micronesia,Yap,
Moldova,Anenii Noi,
Moldova,Bălți,
Moldova,Basarabeasca,
Moldova,Bender,
Moldova,Briceni,
Moldova,Cahul,
Moldova,Călărași,
Moldova,Cantemir,
Moldova,Căușeni,
Moldova,Chișinău,
Moldova,Cimișlia,
Moldova,Criuleni,
Moldova,Dondușeni,
Moldova,Drochia,
Moldova,Dubăsari,
Moldova,Edineț,
Moldova,Fălești,
Moldova,Florești,
Moldova,Gagauzia,
Moldova,Glodeni,
Moldova,Hîncești,
Moldova,Ialoveni,
Moldova,Nisporeni,
Moldova,Ocnița,
Moldova,Orhei,
Moldova,Rezina,
Moldova,Rîșcani,
Moldova,Sîngerei,
Moldova,Șoldănești,
Moldova,Soroca,
Moldova,Ștefan Vodă,
Moldova,Strășeni,
Moldova,Taraclia,
Moldova,Telenești,
Moldova,Transnistria,
Moldova,Ungheni,
Monaco,La Colle,
Monaco,La Condamine,
Monaco,Moneghetti,
Mongolia,Arkhangai,
Mongolia,Bayan-Ölgii,
Mongolia,Bayankhongor,
Mongolia,Bulgan,
Mongolia,Darkhan-Uul,
Mongolia,Dornod,
Mongolia,Dornogovi,
Mongolia,Dundgovi,
Mongolia,Govi-Altai,
Mongolia,Govisümber,
Mongolia,Khentii,
Mongolia,Khovd,
Mongolia,Khövsgöl,
Mongolia,Ömnögovi,
Mongolia,Orkhon,
Mongolia,Övörkhangai,
Mongolia,Selenge,
Mongolia,Sükhbaatar,
Mongolia,Töv,
Mongolia,Uvs,
Mongolia,Zavkhan,
Montenegro,Andrijevica,
Montenegro,Bar,
Montenegro,Berane,
Montenegro,Bijelo Polje,
Montenegro,Budva,
Montenegro,Danilovgrad,
Montenegro,Gusinje,
Montenegro,Kolašin,
Montenegro,Kotor,
Montenegro,Mojkovac,
Montenegro,Nikšić,
Montenegro,Old Royal Capital Cetinje,
Montenegro,Petnjica,
Montenegro,Plav,
Montenegro,Pljevlja,
Montenegro,Plužine,
Montenegro,Podgorica,
Montenegro,Rožaje,
Montenegro,Šavnik,
Montenegro,Tivat,
Montenegro,Ulcinj,
Montenegro,Žabljak,
Morocco,Agadir-Ida-Ou-Tanane,
Morocco,Al Haouz,
Morocco,Al Hoceïma,
Morocco,Aousserd (EH),
Morocco,Assa-Zag (EH-partial),
Morocco,Azilal,
Morocco,Béni Mellal,
Morocco,Béni Mellal-Khénifra,
Morocco,Benslimane,
Morocco,Berkane,
Morocco,Berrechid,
Morocco,Boujdour (EH),
Morocco,Boulemane,
Morocco,Casablanca,
Morocco,Casablanca-Settat,
Morocco,Chefchaouen,
Morocco,Chichaoua,
Morocco,Chtouka-Ait Baha,
Morocco,Dakhla-Oued Ed-Dahab (EH),
Morocco,Drâa-Tafilalet,
Morocco,Driouch,
Morocco,El Hajeb,
Morocco,El Jadida,
Morocco,El Kelâa des Sraghna,
Morocco,Errachidia,
Morocco,Es-Semara (EH-partial),
Morocco,Essaouira,
Morocco,Fahs-Anjra,
Morocco,Fès,
Morocco,Fès-Meknès,
Morocco,Figuig,
Morocco,Fquih Ben Salah,
Morocco,Guelmim,
Morocco,Guelmim-Oued Noun (EH-partial),
Morocco,Guercif,
Morocco,Ifrane,
Morocco,Inezgane-Ait Melloul,
Morocco,Jerada,
Morocco,Kénitra,
Morocco,Khémisset,
Morocco,Khénifra,
Morocco,Khouribga,
Morocco,L'Oriental,
Morocco,Laâyoune (EH),
Morocco,Laâyoune-Sakia El Hamra (EH-partial),
Morocco,Larache,
Morocco,M’diq-Fnideq,
Morocco,Marrakech,
Morocco,Marrakesh-Safi,
Morocco,Médiouna,
Morocco,Meknès,
Morocco,Midelt,
Morocco,Mohammadia,
Morocco,Moulay Yacoub,
Morocco,Nador,
Morocco,Nouaceur,
Morocco,Ouarzazate,
Morocco,Oued Ed-Dahab (EH),
Morocco,Ouezzane,
Morocco,Oujda-Angad,
Morocco,Rabat,
Morocco,Rabat-Salé-Kénitra,
Morocco,Rehamna,
Morocco,Safi,
Morocco,Salé,
Morocco,Sefrou,
Morocco,Settat,
Morocco,Sidi Bennour,
Morocco,Sidi Ifni,
Morocco,Sidi Kacem,
Morocco,Sidi Slimane,
Morocco,Skhirate-Témara,
Morocco,Souss-Massa,
Morocco,Tan-Tan (EH-partial),
Morocco,Tanger-Assilah,
Morocco,Tanger-Tétouan-Al Hoceïma,
Morocco,Taounate,
Morocco,Taourirt,
Morocco,Tarfaya (EH-partial),
Morocco,Taroudannt,
Morocco,Tata,
Morocco,Taza,
Morocco,Tétouan,
Morocco,Tinghir,
Morocco,Tiznit,
Morocco,Youssoufia,
Morocco,Zagora,
Mozambique,Cabo Delgado,
Mozambique,Gaza,
Mozambique,Inhambane,
Mozambique,Manica,
Mozambique,Maputo,
Mozambique,Maputo,
Mozambique,Nampula,
Mozambique,Niassa,
Mozambique,Sofala,
Mozambique,Tete,
Mozambique,Zambezia,
Myanmar,Ayeyarwady,
Myanmar,Bago,
Myanmar,Chin,
Myanmar,Kachin,
Myanmar,Kayah,
Myanmar,Kayin,
Myanmar,Magway,
Myanmar,Mandalay,
Myanmar,Mon State,
Myanmar,Naypyidaw,
Myanmar,Rakhine,
Myanmar,Sagaing,
Myanmar,Shan,
Myanmar,Tanintharyi,
Myanmar,Yangon,
Namibia,Erongo,
Namibia,Hardap,
Namibia,Karas,
Namibia,Kavango East,
Namibia,Kavango West,
Namibia,Khomas,
Namibia,Kunene,
Namibia,Ohangwena,
Namibia,Omaheke,
Namibia,Omusati,
Namibia,Oshana,
Namibia,Oshikoto,
Namibia,Otjozondjupa,
Namibia,Zambezi,
Nauru,Aiwo,
Nauru,Anabar,
Nauru,Anetan,
Nauru,Anibare,
Nauru,Baiti,
Nauru,Boe,
Nauru,Buada,
Nauru,Denigomodu,
Nauru,Ewa,
Nauru,Ijuw,
Nauru,Meneng,
Nauru,Nibok,
Nauru,Uaboe,
Nauru,Yaren,
Nepal,Bagmati,
Nepal,Gandaki,
Nepal,Karnali,
Nepal,Koshi,
Nepal,Lumbini,
Nepal,Madhesh,
Nepal,Sudurpashchim,
Netherlands,Bonaire,
Netherlands,Drenthe,
Netherlands,Flevoland,
Netherlands,Friesland,
Netherlands,Gelderland,
Netherlands,Groningen,
Netherlands,Limburg,
Netherlands,North Brabant,
Netherlands,North Holland,
Netherlands,Overijssel,
Netherlands,Saba,
Netherlands,Sint Eustatius,
Netherlands,South Holland,
Netherlands,Utrecht,
Netherlands,Zeeland,
New Caledonia,Loyalty Islands Province,
New Caledonia,North Province,
New Caledonia,South Province,
New Zealand,Auckland,
New Zealand,Bay of Plenty,
New Zealand,Canterbury,
New Zealand,Chatham Islands,
New Zealand,Gisborne,
New Zealand,Hawke's Bay,
New Zealand,Manawatu-Wanganui,
New Zealand,Marlborough,
New Zealand,Nelson,
New Zealand,Northland,
New Zealand,Otago,
New Zealand,Southland,
New Zealand,Taranaki,
New Zealand,Tasman,
New Zealand,Waikato,
New Zealand,Wellington,
New Zealand,West Coast,
Nicaragua,Boaco,
Nicaragua,Carazo,
Nicaragua,Chinandega,
Nicaragua,Chontales,
Nicaragua,Estelí,
Nicaragua,Granada,
Nicaragua,Jinotega,
Nicaragua,León,
Nicaragua,Madriz,
Nicaragua,Managua,
Nicaragua,Masaya,
Nicaragua,Matagalpa,
Nicaragua,North Caribbean Coast,
Nicaragua,Nueva Segovia,
Nicaragua,Río San Juan,
Nicaragua,Rivas,
Nicaragua,South Caribbean Coast,
Niger,Agadez,
Niger,Diffa,
Niger,Dosso,
Niger,Maradi,
Niger,Tahoua,
Niger,Tillabéri,
Niger,Zinder,
Nigeria,Abia,
Nigeria,Abuja Federal Capital Territory,
Nigeria,Adamawa,
Nigeria,Akwa Ibom,
Nigeria,Anambra,
Nigeria,Bauchi,
Nigeria,Bayelsa,
Nigeria,Benue,
Nigeria,Borno,
Nigeria,Cross River,
Nigeria,Delta,
Nigeria,Ebonyi,
Nigeria,Edo,
Nigeria,Ekiti,
Nigeria,Enugu,
Nigeria,Gombe,
Nigeria,Imo,
Nigeria,Jigawa,
Nigeria,Kaduna,
Nigeria,Kano,
Nigeria,Katsina,
Nigeria,Kebbi,
Nigeria,Kogi,
Nigeria,Kwara,
Nigeria,Lagos,
Nigeria,Nasarawa,
Nigeria,Niger,
Nigeria,Ogun,
Nigeria,Ondo,
Nigeria,Osun,
Nigeria,Oyo,
Nigeria,Plateau,
Nigeria,Rivers,
Nigeria,Sokoto,
Nigeria,Taraba,
Nigeria,Yobe,
Nigeria,Zamfara,
North Korea,Chagang,
North Korea,Kangwon,
North Korea,North Hamgyong,
North Korea,North Hwanghae,
North Korea,North Pyongan,
North Korea,Pyongyang,
North Korea,Rason,
North Korea,Ryanggang,
North Korea,South Hamgyong,
North Korea,South Hwanghae,
North Korea,South Pyongan,
North Macedonia,Aerodrom,
North Macedonia,Aračinovo,
North Macedonia,Berovo,
North Macedonia,Bitola,
North Macedonia,Bogdanci,
North Macedonia,Bogovinje,
North Macedonia,Bosilovo,
North Macedonia,Brvenica,
North Macedonia,Butel,
North Macedonia,Čair,
North Macedonia,Čaška,
North Macedonia,Centar,
North Macedonia,Centar Župa,
North Macedonia,Češinovo-Obleševo,
North Macedonia,Čučer-Sandevo,
North Macedonia,Debarca,
North Macedonia,Delčevo,
North Macedonia,Demir Hisar,
North Macedonia,Demir Kapija,
North Macedonia,Dojran,
North Macedonia,Dolneni,
North Macedonia,Drugovo,
North Macedonia,Gazi Baba,
North Macedonia,Gevgelija,
North Macedonia,Gjorče Petrov,
North Macedonia,Gostivar,
North Macedonia,Gradsko,
North Macedonia,Greater Skopje,
North Macedonia,Ilinden,
North Macedonia,Jegunovce,
North Macedonia,Karbinci,
North Macedonia,Karpoš,
North Macedonia,Kavadarci,
North Macedonia,Kičevo,
North Macedonia,Kisela Voda,
North Macedonia,Kočani,
North Macedonia,Konče,
North Macedonia,Kratovo,
North Macedonia,Kriva Palanka,
North Macedonia,Krivogaštani,
North Macedonia,Kruševo,
North Macedonia,Kumanovo,
North Macedonia,Lipkovo,
North Macedonia,Lozovo,
North Macedonia,Makedonska Kamenica,
North Macedonia,Makedonski Brod,
North Macedonia,Mavrovo and Rostuša,
North Macedonia,Mogila,
North Macedonia,Negotino,
North Macedonia,Novaci,
North Macedonia,Novo Selo,
North Macedonia,Ohrid,
North Macedonia,Oslomej ,
North Macedonia,Pehčevo,
North Macedonia,Petrovec,
North Macedonia,Plasnica,
North Macedonia,Prilep,
North Macedonia,Probištip,
North Macedonia,Radoviš,
North Macedonia,Rankovce,
North Macedonia,Resen,
North Macedonia,Rosoman,
North Macedonia,Saraj,
North Macedonia,Sopište,
North Macedonia,Staro Nagoričane,
North Macedonia,Štip,
North Macedonia,Struga,
North Macedonia,Strumica,
North Macedonia,Studeničani,
North Macedonia,Šuto Orizari,
North Macedonia,Sveti Nikole,
North Macedonia,Tearce,
North Macedonia,Tetovo,
North Macedonia,Valandovo,
North Macedonia,Vasilevo,
North Macedonia,Veles,
North Macedonia,Vevčani,
North Macedonia,Vinica,
North Macedonia,Vraneštica,
North Macedonia,Vrapčište,
North Macedonia,Zajas,
North Macedonia,Zelenikovo,
North Macedonia,Želino,
North Macedonia,Zrnovci,
Norway,Agder,
Norway,Innlandet,
Norway,Jan Mayen,
Norway,Møre og Romsdal,
Norway,Nordland,
Norway,Oslo,
Norway,Rogaland,
Norway,Svalbard,
Norway,Troms og Finnmark,
Norway,Trøndelag,
Norway,Vestfold og Telemark,
Norway,Vestland,
Norway,Viken,
Oman,Ad Dakhiliyah,
Oman,Ad Dhahirah,
Oman,Al Batinah North,
Oman,Al Batinah Region,
Oman,Al Batinah South,
Oman,Al Buraimi,
Oman,Al Wusta,
Oman,Ash Sharqiyah North,
Oman,Ash Sharqiyah Region,
Oman,Ash Sharqiyah South,
Oman,Dhofar,
Oman,Musandam,
Oman,Muscat,
Pakistan,Azad Kashmir,
Pakistan,Balochistan,
Pakistan,Federally Administered Tribal Areas,
Pakistan,Gilgit-Baltistan,
Pakistan,Islamabad,
Pakistan,Khyber Pakhtunkhwa,
Pakistan,Punjab,
Pakistan,Sindh,
Palau,Aimeliik,
Palau,Airai,
Palau,Angaur,
Palau,Hatohobei,
Palau,Kayangel,
Palau,Koror,
Palau,Melekeok,
Palau,Ngaraard,
Palau,Ngarchelong,
Palau,Ngardmau,
Palau,Ngatpang,
Palau,Ngchesar,
Palau,Ngeremlengui,
Palau,Ngiwal,
Palau,Peleliu,
Palau,Sonsorol,
Palestinian Territory Occupied,Bethlehem,
Palestinian Territory Occupied,Deir El Balah,
Palestinian Territory Occupied,Gaza,
Palestinian Territory Occupied,Hebron,
Palestinian Territory Occupied,Jenin,
Palestinian Territory Occupied,Jericho ,
Palestinian Territory Occupied,Jerusalem (Quds),
Palestinian Territory Occupied,Khan Yunis,
Palestinian Territory Occupied,Nablus,
Palestinian Territory Occupied,North Gaza,
Palestinian Territory Occupied,Qalqilya,
Palestinian Territory Occupied,Rafah,
Palestinian Territory Occupied,Ramallah,
Palestinian Territory Occupied,Salfit,
Palestinian Territory Occupied,Tubas,
Palestinian Territory Occupied,Tulkarm,
Panama,Bocas del Toro,
Panama,Chiriquí Province,
Panama,Coclé,
Panama,Colón,
Panama,Darién,
Panama,Emberá-Wounaan Comarca,
Panama,Guna,
Panama,Herrera,
Panama,Los Santos,
Panama,Ngöbe-Buglé Comarca,
Panama,Panamá,
Panama,Panamá Oeste,
Panama,Veraguas,
Papua New Guinea,Bougainville,
Papua New Guinea,Central,
Papua New Guinea,Chimbu,
Papua New Guinea,East New Britain,
Papua New Guinea,East Sepik,
Papua New Guinea,Eastern Highlands,
Papua New Guinea,Enga,
Papua New Guinea,Gulf,
Papua New Guinea,Hela,
Papua New Guinea,Jiwaka,
Papua New Guinea,Madang,
Papua New Guinea,Manus,
Papua New Guinea,Milne Bay,
Papua New Guinea,Morobe,
Papua New Guinea,New Ireland,
Papua New Guinea,Oro,
Papua New Guinea,Port Moresby,
Papua New Guinea,Sandaun,
Papua New Guinea,Southern Highlands,
Papua New Guinea,West New Britain,
Papua New Guinea,Western,
Papua New Guinea,Western Highlands,
Paraguay,Alto Paraguay,
Paraguay,Alto Paraná,
Paraguay,Amambay,
Paraguay,Asuncion,
Paraguay,Boquerón,
Paraguay,Caaguazú,
Paraguay,Caazapá,
Paraguay,Canindeyú,
Paraguay,Central,
Paraguay,Concepción,
Paraguay,Cordillera,
Paraguay,Guairá,
Paraguay,Itapúa,
Paraguay,Misiones,
Paraguay,Ñeembucú,
Paraguay,Paraguarí,
Paraguay,Presidente Hayes,
Paraguay,San Pedro,
Peru,Amazonas,
Peru,Áncash,
Peru,Apurímac,
Peru,Arequipa,
Peru,Ayacucho,
Peru,Cajamarca,
Peru,Callao,
Peru,Cusco,
Peru,Huancavelica,
Peru,Huanuco,
Peru,Ica,
Peru,Junín,
Peru,La Libertad,
Peru,Lambayeque,
Peru,Lima,
Peru,Loreto,
Peru,Madre de Dios,
Peru,Moquegua,
Peru,Pasco,
Peru,Piura,
Peru,Puno,
Peru,San Martín,
Peru,Tacna,
Peru,Tumbes,
Peru,Ucayali,
Philippines,Abra,
Philippines,Agusan del Norte,
Philippines,Agusan del Sur,
Philippines,Aklan,
Philippines,Albay,
Philippines,Antique,
Philippines,Apayao,
Philippines,Aurora,
Philippines,Autonomous Region in Muslim Mindanao,
Philippines,Basilan,
Philippines,Bataan,
Philippines,Batanes,
Philippines,Batangas,
Philippines,Benguet,
Philippines,Bicol,
Philippines,Biliran,
Philippines,Bohol,
Philippines,Bukidnon,
Philippines,Bulacan,
Philippines,Cagayan,
Philippines,Cagayan Valley,
Philippines,Calabarzon,
Philippines,Camarines Norte,
Philippines,Camarines Sur,
Philippines,Camiguin,
Philippines,Capiz,
Philippines,Caraga,
Philippines,Catanduanes,
Philippines,Cavite,
Philippines,Cebu,
Philippines,Central Luzon,
Philippines,Central Visayas,
Philippines,Compostela Valley,
Philippines,Cordillera Administrative,
Philippines,Cotabato,
Philippines,Davao,
Philippines,Davao del Norte,
Philippines,Davao del Sur,
Philippines,Davao Occidental,
Philippines,Davao Oriental,
Philippines,Dinagat Islands,
Philippines,Eastern Samar,
Philippines,Eastern Visayas,
Philippines,Guimaras,
Philippines,Ifugao,
Philippines,Ilocos,
Philippines,Ilocos Norte,
Philippines,Ilocos Sur,
Philippines,Iloilo,
Philippines,Isabela,
Philippines,Kalinga,
Philippines,La Union,
Philippines,Laguna,
Philippines,Lanao del Norte,
Philippines,Lanao del Sur,
Philippines,Leyte,
Philippines,Maguindanao,
Philippines,Marinduque,
Philippines,Masbate,
Philippines,Metro Manila,
Philippines,Metro Manila(National Capital Region),
Philippines,Mimaropa,
Philippines,Misamis Occidental,
Philippines,Misamis Oriental,
Philippines,Mountain Province,
Philippines,Negros Occidental,
Philippines,Negros Oriental,
Philippines,Northern Mindanao,
Philippines,Northern Samar,
Philippines,Nueva Ecija,
Philippines,Nueva Vizcaya,
Philippines,Occidental Mindoro,
Philippines,Oriental Mindoro,
Philippines,Palawan,
Philippines,Pampanga,
Philippines,Pangasinan,
Philippines,Quezon,
Philippines,Quirino,
Philippines,Rizal,
Philippines,Romblon,
Philippines,Sarangani,
Philippines,Siquijor,
Philippines,Soccsksargen,
Philippines,Sorsogon,
Philippines,South Cotabato,
Philippines,Southern Leyte,
Philippines,Sultan Kudarat,
Philippines,Sulu,
Philippines,Surigao del Norte,
Philippines,Surigao del Sur,
Philippines,Tarlac,
Philippines,Tawi-Tawi,
Philippines,Western Samar,
Philippines,Western Visayas,
Philippines,Zambales,
Philippines,Zamboanga del Norte,
Philippines,Zamboanga del Sur,
Philippines,Zamboanga Peninsula,
Philippines,Zamboanga Sibugay,
Poland,Greater Poland,
Poland,Holy Cross,
Poland,Kuyavia-Pomerania,
Poland,Lesser Poland,
Poland,Lower Silesia,
Poland,Lublin,
Poland,Lubusz,
Poland,Łódź,
Poland,Mazovia,
Poland,Podlaskie,
Poland,Pomerania,
Poland,Silesia,
Poland,Subcarpathia,
Poland,Upper Silesia,
Poland,Warmia-Masuria,
Poland,West Pomerania,
Portugal,Açores,
Portugal,Aveiro,
Portugal,Beja,
Portugal,Braga,
Portugal,Bragança,
Portugal,Castelo Branco,
Portugal,Coimbra,
Portugal,Évora,
Portugal,Faro,
Portugal,Guarda,
Portugal,Leiria,
Portugal,Lisbon,
Portugal,Madeira,
Portugal,Portalegre,
Portugal,Porto,
Portugal,Santarém,
Portugal,Setúbal,
Portugal,Viana do Castelo,
Portugal,Vila Real,
Portugal,Viseu,
Puerto Rico,Adjuntas,
Puerto Rico,Aguada,
Puerto Rico,Aguadilla,
Puerto Rico,Aguas Buenas,
Puerto Rico,Aibonito,
Puerto Rico,Añasco,
Puerto Rico,Arecibo,
Puerto Rico,Arecibo,
Puerto Rico,Arroyo,
Puerto Rico,Barceloneta,
Puerto Rico,Barranquitas,
Puerto Rico,Bayamon,
Puerto Rico,Bayamón,
Puerto Rico,Cabo Rojo,
Puerto Rico,Caguas,
Puerto Rico,Caguas,
Puerto Rico,Camuy,
Puerto Rico,Canóvanas,
Puerto Rico,Carolina,
Puerto Rico,Carolina,
Puerto Rico,Cataño,
Puerto Rico,Cayey,
Puerto Rico,Ceiba,
Puerto Rico,Ciales,
Puerto Rico,Cidra,
Puerto Rico,Coamo,
Puerto Rico,Comerío,
Puerto Rico,Corozal,
Puerto Rico,Culebra,
Puerto Rico,Dorado,
Puerto Rico,Fajardo,
Puerto Rico,Florida,
Puerto Rico,Guánica,
Puerto Rico,Guayama,
Puerto Rico,Guayanilla,
Puerto Rico,Guaynabo,
Puerto Rico,Guaynabo,
Puerto Rico,Gurabo,
Puerto Rico,Hatillo,
Puerto Rico,Hormigueros,
Puerto Rico,Humacao,
Puerto Rico,Isabela,
Puerto Rico,Jayuya,
Puerto Rico,Juana Díaz,
Puerto Rico,Juncos,
Puerto Rico,Lajas,
Puerto Rico,Lares,
Puerto Rico,Las Marías,
Puerto Rico,Las Piedras,
Puerto Rico,Loíza,
Puerto Rico,Luquillo,
Puerto Rico,Manatí,
Puerto Rico,Maricao,
Puerto Rico,Maunabo,
Puerto Rico,Mayagüez,
Puerto Rico,Mayagüez,
Puerto Rico,Moca,
Puerto Rico,Morovis,
Puerto Rico,Naguabo,
Puerto Rico,Naranjito,
Puerto Rico,Orocovis,
Puerto Rico,Patillas,
Puerto Rico,Peñuelas,
Puerto Rico,Ponce,
Puerto Rico,Ponce,
Puerto Rico,Quebradillas,
Puerto Rico,Rincón,
Puerto Rico,Río Grande,
Puerto Rico,Sabana Grande,
Puerto Rico,Salinas,
Puerto Rico,San Germán,
Puerto Rico,San Juan,
Puerto Rico,San Juan,
Puerto Rico,San Lorenzo,
Puerto Rico,San Sebastián,
Puerto Rico,Santa Isabel,
Puerto Rico,Toa Alta,
Puerto Rico,Toa Baja,
Puerto Rico,Toa Baja,
Puerto Rico,Trujillo Alto,
Puerto Rico,Trujillo Alto,
Puerto Rico,Utuado,
Puerto Rico,Vega Alta,
Puerto Rico,Vega Baja,
Puerto Rico,Vieques,
Puerto Rico,Villalba,
Puerto Rico,Yabucoa,
Puerto Rico,Yauco,
Qatar,Al Daayen,
Qatar,Al Khor,
Qatar,Al Rayyan,
Qatar,Al Wakrah,
Qatar,Al-Shahaniya,
Qatar,Doha,
Qatar,Madinat ash Shamal,
Qatar,Umm Salal,
Romania,Alba,
Romania,Arad,
Romania,Arges,
Romania,Bacău,
Romania,Bihor,
Romania,Bistrița-Năsăud,
Romania,Botoșani,
Romania,Braila,
Romania,Brașov,
Romania,Bucharest,
Romania,Buzău,
Romania,Călărași,
Romania,Caraș-Severin,
Romania,Cluj,
Romania,Constanța,
Romania,Covasna,
Romania,Dâmbovița,
Romania,Dolj,
Romania,Galați,
Romania,Giurgiu,
Romania,Gorj,
Romania,Harghita,
Romania,Hunedoara,
Romania,Ialomița,
Romania,Iași,
Romania,Ilfov,
Romania,Maramureș,
Romania,Mehedinți,
Romania,Mureș,
Romania,Neamț,
Romania,Olt,
Romania,Prahova,
Romania,Sălaj,
Romania,Satu Mare,
Romania,Sibiu,
Romania,Suceava,
Romania,Teleorman,
Romania,Timiș,
Romania,Tulcea,
Romania,Vâlcea,
Romania,Vaslui,
Romania,Vrancea,
Russia,Adygea,
Russia,Altai,
Russia,Altai,
Russia,Amur,
Russia,Arkhangelsk,
Russia,Astrakhan,
Russia,Bashkortostan,
Russia,Belgorod,
Russia,Bryansk,
Russia,Buryatia,
Russia,Chechen,
Russia,Chelyabinsk,
Russia,Chukotka,
Russia,Chuvash,
Russia,Dagestan,
Russia,Ingushetia,
Russia,Irkutsk,
Russia,Ivanovo,
Russia,Jewish,
Russia,Kabardino-Balkar,
Russia,Kaliningrad,
Russia,Kalmykia,
Russia,Kaluga,
Russia,Kamchatka,
Russia,Karachay-Cherkess,
Russia,Karelia,
Russia,Kemerovo,
Russia,Khabarovsk,
Russia,Khakassia,
Russia,Khanty-Mansi,
Russia,Kirov,
Russia,Komi,
Russia,Kostroma,
Russia,Krasnodar,
Russia,Krasnoyarsk,
Russia,Kurgan,
Russia,Kursk,
Russia,Leningrad,
Russia,Lipetsk,
Russia,Magadan,
Russia,Mari El,
Russia,Mordovia,
Russia,Moscow,
Russia,Moscow,
Russia,Murmansk,
Russia,Nenets,
Russia,Nizhny Novgorod,
Russia,North Ossetia-Alania,
Russia,Novgorod,
Russia,Novosibirsk,
Russia,Omsk,
Russia,Orenburg,
Russia,Oryol,
Russia,Penza,
Russia,Perm,
Russia,Primorsky,
Russia,Pskov,
Russia,Rostov,
Russia,Ryazan,
Russia,Saint Petersburg,
Russia,Sakha,
Russia,Sakhalin,
Russia,Samara,
Russia,Saratov,
Russia,Smolensk,
Russia,Stavropol,
Russia,Sverdlovsk,
Russia,Tambov,
Russia,Tatarstan,
Russia,Tomsk,
Russia,Tula,
Russia,Tuva,
Russia,Tver,
Russia,Tyumen,
Russia,Udmurt,
Russia,Ulyanovsk,
Russia,Vladimir,
Russia,Volgograd Oblast,
Russia,Vologda,
Russia,Voronezh,
Russia,Yamalo-Nenets,
Russia,Yaroslavl,
Russia,Zabaykalsky,
Rwanda,Eastern,
Rwanda,Kigali,
Rwanda,Northern,
Rwanda,Southern,
Rwanda,Western,
Saint Kitts and Nevis,Christ Church Nichola Town,
Saint Kitts and Nevis,Nevis,
Saint Kitts and Nevis,Saint Anne Sandy Point,
Saint Kitts and Nevis,Saint George Gingerland,
Saint Kitts and Nevis,Saint James Windward,
Saint Kitts and Nevis,Saint John Capisterre,
Saint Kitts and Nevis,Saint John Figtree,
Saint Kitts and Nevis,Saint Kitts,
Saint Kitts and Nevis,Saint Mary Cayon,
Saint Kitts and Nevis,Saint Paul Capisterre,
Saint Kitts and Nevis,Saint Paul Charlestown,
Saint Kitts and Nevis,Saint Peter Basseterre,
Saint Kitts and Nevis,Saint Thomas Lowland,
Saint Kitts and Nevis,Saint Thomas Middle Island,
Saint Kitts and Nevis,Trinity Palmetto Point,
Saint Lucia,Anse la Raye,
Saint Lucia,Canaries,
Saint Lucia,Castries,
Saint Lucia,Choiseul,
Saint Lucia,Dauphin,
Saint Lucia,Dennery,
Saint Lucia,Gros Islet,
Saint Lucia,Laborie,
Saint Lucia,Micoud,
Saint Lucia,Praslin,
Saint Lucia,Soufrière,
Saint Lucia,Vieux Fort,
Saint Vincent and the Grenadines,Charlotte,
Saint Vincent and the Grenadines,Grenadines,
Saint Vincent and the Grenadines,Saint Andrew,
Saint Vincent and the Grenadines,Saint David,
Saint Vincent and the Grenadines,Saint George,
Saint Vincent and the Grenadines,Saint Patrick,
Samoa,A'ana,
Samoa,Aiga-i-le-Tai,
Samoa,Atua,
Samoa,Fa'asaleleaga,
Samoa,Gaga'emauga,
Samoa,Gaga'ifomauga,
Samoa,Palauli,
Samoa,Satupa'itea,
Samoa,Tuamasaga,
Samoa,Va'a-o-Fonoti,
Samoa,Vaisigano,
San Marino,Acquaviva,
San Marino,Borgo Maggiore,
San Marino,Chiesanuova,
San Marino,Domagnano,
San Marino,Faetano,
San Marino,Fiorentino,
San Marino,Montegiardino,
San Marino,San Marino,
San Marino,Serravalle,
Sao Tome and Principe,Príncipe,
Sao Tome and Principe,São Tomé,
Saudi Arabia,'Asir,
Saudi Arabia,Al Bahah,
Saudi Arabia,Al Jawf,
Saudi Arabia,Al Madinah,
Saudi Arabia,Al-Qassim,
Saudi Arabia,Eastern Province,
Saudi Arabia,Ha'il,
Saudi Arabia,Jizan,
Saudi Arabia,Makkah,
Saudi Arabia,Najran,
Saudi Arabia,Northern Borders,
Saudi Arabia,Riyadh,
Saudi Arabia,Tabuk,
Senegal,Dakar,
Senegal,Diourbel Region,
Senegal,Fatick,
Senegal,Kaffrine,
Senegal,Kaolack,
Senegal,Kédougou,
Senegal,Kolda,
Senegal,Louga,
Senegal,Matam,
Senegal,Saint-Louis,
Senegal,Sédhiou,
Senegal,Tambacounda Region,
Senegal,Thiès Region,
Senegal,Ziguinchor,
Serbia,Belgrade,
Serbia,Bor,
Serbia,Braničevo,
Serbia,Central Banat,
Serbia,Jablanica,
Serbia,Kolubara,
Serbia,Mačva,
Serbia,Moravica,
Serbia,Nišava,
Serbia,North Bačka,
Serbia,North Banat,
Serbia,Pčinja,
Serbia,Pirot,
Serbia,Podunavlje,
Serbia,Pomoravlje,
Serbia,Rasina,
Serbia,Raška,
Serbia,South Bačka,
Serbia,South Banat,
Serbia,Srem,
Serbia,Šumadija,
Serbia,Toplica,
Serbia,Vojvodina,
Serbia,West Bačka,
Serbia,Zaječar,
Serbia,Zlatibor,
Seychelles,Anse Boileau,
Seychelles,Anse Royale,
Seychelles,Anse-aux-Pins,
Seychelles,Au Cap,
Seychelles,Baie Lazare,
Seychelles,Baie Sainte Anne,
Seychelles,Beau Vallon,
Seychelles,Bel Air,
Seychelles,Bel Ombre,
Seychelles,Cascade,
Seychelles,Glacis,
Seychelles,Grand'Anse Mahé,
Seychelles,Grand'Anse Praslin,
Seychelles,La Digue,
Seychelles,La Rivière Anglaise,
Seychelles,Les Mamelles,
Seychelles,Mont Buxton,
Seychelles,Mont Fleuri,
Seychelles,Plaisance,
Seychelles,Pointe La Rue,
Seychelles,Port Glaud,
Seychelles,Roche Caiman,
Seychelles,Saint Louis,
Seychelles,Takamaka,
Sierra Leone,Eastern,
Sierra Leone,Northern,
Sierra Leone,Southern,
Sierra Leone,Western,
Singapore,Central Singapore,
Singapore,North East,
Singapore,North West,
Singapore,South East,
Singapore,South West,
Slovakia,Banská Bystrica,
Slovakia,Bratislava,
Slovakia,Košice,
Slovakia,Nitra,
Slovakia,Prešov,
Slovakia,Trenčín,
Slovakia,Trnava,
Slovakia,Žilina,
Slovenia,Ajdovščina,
Slovenia,Ankaran,
Slovenia,Apače,
Slovenia,Beltinci,
Slovenia,Benedikt,
Slovenia,Bistrica ob Sotli,
Slovenia,Bled,
Slovenia,Bloke,
Slovenia,Bohinj,
Slovenia,Borovnica,
Slovenia,Bovec,
Slovenia,Braslovče,
Slovenia,Brda,
Slovenia,Brežice,
Slovenia,Brezovica,
Slovenia,Cankova,
Slovenia,Celje,
Slovenia,Cerklje na Gorenjskem,
Slovenia,Cerknica,
Slovenia,Cerkno,
Slovenia,Cerkvenjak,
Slovenia,Cirkulane,
Slovenia,Črenšovci,
Slovenia,Črna na Koroškem,
Slovenia,Črnomelj,
Slovenia,Destrnik,
Slovenia,Divača,
Slovenia,Dobje,
Slovenia,Dobrepolje,
Slovenia,Dobrna,
Slovenia,Dobrova–Polhov Gradec,
Slovenia,Dobrovnik,
Slovenia,Dol pri Ljubljani,
Slovenia,Dolenjske Toplice,
Slovenia,Domžale,
Slovenia,Dornava,
Slovenia,Dravograd,
Slovenia,Duplek,
Slovenia,Gorenja Vas–Poljane,
Slovenia,Gorišnica,
Slovenia,Gorje,
Slovenia,Gornja Radgona,
Slovenia,Gornji Grad,
Slovenia,Gornji Petrovci,
Slovenia,Grad,
Slovenia,Grosuplje,
Slovenia,Hajdina,
Slovenia,Hoče–Slivnica,
Slovenia,Hodoš,
Slovenia,Horjul,
Slovenia,Hrastnik,
Slovenia,Hrpelje–Kozina,
Slovenia,Idrija,
Slovenia,Ig,
Slovenia,Ilirska Bistrica,
Slovenia,Ivančna Gorica,
Slovenia,Izola,
Slovenia,Jesenice,
Slovenia,Jezersko,
Slovenia,Juršinci,
Slovenia,Kamnik,
Slovenia,Kanal ob Soči,
Slovenia,Kidričevo,
Slovenia,Kobarid,
Slovenia,Kobilje,
Slovenia,Kočevje,
Slovenia,Komen,
Slovenia,Komenda,
Slovenia,Koper,
Slovenia,Kostanjevica na Krki,
Slovenia,Kostel,
Slovenia,Kozje,
Slovenia,Kranj,
Slovenia,Kranjska Gora,
Slovenia,Križevci,
Slovenia,Krško,
Slovenia,Kungota,
Slovenia,Kuzma,
Slovenia,Laško,
Slovenia,Lenart,
Slovenia,Lendava,
Slovenia,Litija,
Slovenia,Ljubljana,
Slovenia,Ljubno,
Slovenia,Ljutomer,
Slovenia,Log–Dragomer,
Slovenia,Logatec,
Slovenia,Loška Dolina,
Slovenia,Loški Potok,
Slovenia,Lovrenc na Pohorju,
Slovenia,Luče,
Slovenia,Lukovica,
Slovenia,Majšperk,
Slovenia,Makole,
Slovenia,Maribor,
Slovenia,Markovci,
Slovenia,Medvode,
Slovenia,Mengeš,
Slovenia,Metlika,
Slovenia,Mežica,
Slovenia,Miklavž na Dravskem Polju,
Slovenia,Miren–Kostanjevica,
Slovenia,Mirna,
Slovenia,Mirna Peč,
Slovenia,Mislinja,
Slovenia,Mokronog–Trebelno,
Slovenia,Moravče,
Slovenia,Moravske Toplice,
Slovenia,Mozirje,
Slovenia,Murska Sobota,
Slovenia,Muta,
Slovenia,Naklo,
Slovenia,Nazarje,
Slovenia,Nova Gorica,
Slovenia,Novo Mesto,
Slovenia,Odranci,
Slovenia,Oplotnica,
Slovenia,Ormož,
Slovenia,Osilnica,
Slovenia,Pesnica,
Slovenia,Piran,
Slovenia,Pivka,
Slovenia,Podčetrtek,
Slovenia,Podlehnik,
Slovenia,Podvelka,
Slovenia,Poljčane,
Slovenia,Polzela,
Slovenia,Postojna,
Slovenia,Prebold,
Slovenia,Preddvor,
Slovenia,Prevalje,
Slovenia,Ptuj,
Slovenia,Puconci,
Slovenia,Rače–Fram,
Slovenia,Radeče,
Slovenia,Radenci,
Slovenia,Radlje ob Dravi,
Slovenia,Radovljica,
Slovenia,Ravne na Koroškem,
Slovenia,Razkrižje,
Slovenia,Rečica ob Savinji,
Slovenia,Renče–Vogrsko,
Slovenia,Ribnica,
Slovenia,Ribnica na Pohorju,
Slovenia,Rogaška Slatina,
Slovenia,Rogašovci,
Slovenia,Rogatec,
Slovenia,Ruše,
Slovenia,Šalovci,
Slovenia,Selnica ob Dravi,
Slovenia,Semič,
Slovenia,Šempeter–Vrtojba,
Slovenia,Šenčur,
Slovenia,Šentilj,
Slovenia,Šentjernej,
Slovenia,Šentjur,
Slovenia,Šentrupert,
Slovenia,Sevnica,
Slovenia,Sežana,
Slovenia,Škocjan,
Slovenia,Škofja Loka,
Slovenia,Škofljica,
Slovenia,Slovenj Gradec,
Slovenia,Slovenska Bistrica,
Slovenia,Slovenske Konjice,
Slovenia,Šmarje pri Jelšah,
Slovenia,Šmarješke Toplice,
Slovenia,Šmartno ob Paki,
Slovenia,Šmartno pri Litiji,
Slovenia,Sodražica,
Slovenia,Solčava,
Slovenia,Šoštanj,
Slovenia,Središče ob Dravi,
Slovenia,Starše,
Slovenia,Štore,
Slovenia,Straža,
Slovenia,Sveta Ana,
Slovenia,Sveta Trojica v Slovenskih Goricah,
Slovenia,Sveti Andraž v Slovenskih Goricah,
Slovenia,Sveti Jurij ob Ščavnici,
Slovenia,Sveti Jurij v Slovenskih Goricah,
Slovenia,Sveti Tomaž,
Slovenia,Tabor,
Slovenia,Tišina,
Slovenia,Tolmin,
Slovenia,Trbovlje,
Slovenia,Trebnje,
Slovenia,Trnovska Vas,
Slovenia,Tržič,
Slovenia,Trzin,
Slovenia,Turnišče,
Slovenia,Velika Polana,
Slovenia,Velike Lašče,
Slovenia,Veržej,
Slovenia,Videm,
Slovenia,Vipava,
Slovenia,Vitanje,
Slovenia,Vodice,
Slovenia,Vojnik,
Slovenia,Vransko,
Slovenia,Vrhnika,
Slovenia,Vuzenica,
Slovenia,Zagorje ob Savi,
Slovenia,Žalec,
Slovenia,Zavrč,
Slovenia,Železniki,
Slovenia,Žetale,
Slovenia,Žiri,
Slovenia,Žirovnica,
Slovenia,Zreče,
Slovenia,Žužemberk,
Solomon Islands,Central,
Solomon Islands,Choiseul,
Solomon Islands,Guadalcanal,
Solomon Islands,Honiara,
Solomon Islands,Isabel,
Solomon Islands,Makira-Ulawa,
Solomon Islands,Malaita,
Solomon Islands,Rennell and Bellona,
Solomon Islands,Temotu,
Solomon Islands,Western,
Somalia,Awdal,
Somalia,Bakool,
Somalia,Banaadir,
Somalia,Bari,
Somalia,Bay,
Somalia,Galguduud,
Somalia,Gedo,
Somalia,Hiran,
Somalia,Lower Juba,
Somalia,Lower Shebelle,
Somalia,Middle Juba,
Somalia,Middle Shebelle,
Somalia,Mudug,
Somalia,Nugal,
Somalia,Sanaag,
Somalia,Togdheer,
South Africa,Eastern Cape,
South Africa,Free State,
South Africa,Gauteng,
South Africa,KwaZulu-Natal,
South Africa,Limpopo,
South Africa,Mpumalanga,
South Africa,North West,
South Africa,Northern Cape,
South Africa,Western Cape,
South Korea,Busan,
South Korea,Daegu,
South Korea,Daejeon,
South Korea,Gangwon,
South Korea,Gwangju,
South Korea,Gyeonggi,
South Korea,Incheon,
South Korea,Jeju,
South Korea,North Chungcheong,
South Korea,North Gyeongsang,
South Korea,North Jeolla,
South Korea,Sejong City,
South Korea,Seoul,
South Korea,South Chungcheong,
South Korea,South Gyeongsang,
South Korea,South Jeolla,
South Korea,Ulsan,
South Sudan,Central Equatoria,
South Sudan,Eastern Equatoria,
South Sudan,Jonglei State,
South Sudan,Lakes,
South Sudan,Northern Bahr el Ghazal,
South Sudan,Unity,
South Sudan,Upper Nile,
South Sudan,Warrap,
South Sudan,Western Bahr el Ghazal,
South Sudan,Western Equatoria,
Spain,A Coruña,
Spain,Albacete,
Spain,Alicante,
Spain,Almeria,
Spain,Andalusia,
Spain,Araba,
Spain,Aragon,
Spain,Asturias,
Spain,Asturias,
Spain,Ávila,
Spain,Badajoz,
Spain,Balearic Islands,
Spain,Barcelona,
Spain,Basque Country,
Spain,Bizkaia,
Spain,Burgos,
Spain,Caceres,
Spain,Cádiz,
Spain,Canary Islands,
Spain,Cantabria,
Spain,Cantabria,
Spain,Castellón,
Spain,Castile and Leon,
Spain,Castilla-La Mancha,
Spain,Catalonia,
Spain,Ceuta,
Spain,Ciudad Real,
Spain,Community of Madrid,
Spain,Córdoba,
Spain,Cuenca,
Spain,Estremadura,
Spain,Galicia,
Spain,Gipuzkoa,
Spain,Girona,
Spain,Granada,
Spain,Guadalajara,
Spain,Huelva,
Spain,Huesca,
Spain,Islas Baleares,
Spain,Jaén,
Spain,La Rioja,
Spain,La Rioja,
Spain,Las Palmas,
Spain,León,
Spain,Lleida,
Spain,Lugo,
Spain,Madrid,
Spain,Málaga,
Spain,Melilla,
Spain,Murcia,
Spain,Navarra,
Spain,Navarre,
Spain,Ourense,
Spain,Palencia,
Spain,Pontevedra,
Spain,Region of Murcia,
Spain,Salamanca,
Spain,Santa Cruz de Tenerife,
Spain,Segovia,
Spain,Sevilla,
Spain,Soria,
Spain,Tarragona,
Spain,Teruel,
Spain,Toledo,
Spain,Valencia,
Spain,Valencian Community,
Spain,Valladolid,
Spain,Zamora,
Spain,Zaragoza,
Sri Lanka,Ampara,
Sri Lanka,Anuradhapura,
Sri Lanka,Badulla,
Sri Lanka,Batticaloa,
Sri Lanka,Central,
Sri Lanka,Colombo,
Sri Lanka,Eastern,
Sri Lanka,Galle,
Sri Lanka,Gampaha,
Sri Lanka,Hambantota,
Sri Lanka,Jaffna,
Sri Lanka,Kalutara,
Sri Lanka,Kandy,
Sri Lanka,Kegalle,
Sri Lanka,Kilinochchi,
Sri Lanka,Mannar,
Sri Lanka,Matale,
Sri Lanka,Matara,
Sri Lanka,Monaragala,
Sri Lanka,Mullaitivu,
Sri Lanka,North Central,
Sri Lanka,North Western,
Sri Lanka,Northern,
Sri Lanka,Nuwara Eliya,
Sri Lanka,Polonnaruwa,
Sri Lanka,Puttalam,
Sri Lanka,Ratnapura,
Sri Lanka,Sabaragamuwa,
Sri Lanka,Southern,
Sri Lanka,Trincomalee,
Sri Lanka,Uva,
Sri Lanka,Vavuniya,
Sri Lanka,Western,
Sudan,Al Jazirah,
Sudan,Al Qadarif,
Sudan,Blue Nile,
Sudan,Central Darfur,
Sudan,East Darfur,
Sudan,Kassala,
Sudan,Khartoum,
Sudan,North Darfur,
Sudan,North Kordofan,
Sudan,Northern,
Sudan,Red Sea,
Sudan,River Nile,
Sudan,Sennar,
Sudan,South Darfur,
Sudan,South Kordofan,
Sudan,West Darfur,
Sudan,West Kordofan,
Sudan,White Nile,
Suriname,Brokopondo,
Suriname,Commewijne,
Suriname,Coronie,
Suriname,Marowijne,
Suriname,Nickerie,
Suriname,Para,
Suriname,Paramaribo,
Suriname,Saramacca,
Suriname,Sipaliwini,
Suriname,Wanica,
Sweden,Blekinge,
Sweden,Dalarna,
Sweden,Gävleborg,
Sweden,Gotland,
Sweden,Halland,
Sweden,Jämtland,
Sweden,Jönköping,
Sweden,Kalmar,
Sweden,Kronoberg,
Sweden,Norrbotten,
Sweden,Örebro,
Sweden,Östergötland,
Sweden,Skåne,
Sweden,Södermanland,
Sweden,Stockholm,
Sweden,Uppsala,
Sweden,Värmland,
Sweden,Västerbotten,
Sweden,Västernorrland,
Sweden,Västmanland,
Sweden,Västra Götaland,
Switzerland,Aargau,
Switzerland,Appenzell Ausserrhoden,
Switzerland,Appenzell Innerrhoden,
Switzerland,Basel-Land,
Switzerland,Basel-Stadt,
Switzerland,Bern,
Switzerland,Fribourg,
Switzerland,Geneva,
Switzerland,Glarus,
Switzerland,Graubünden,
Switzerland,Jura,
Switzerland,Lucerne,
Switzerland,Neuchâtel,
Switzerland,Nidwalden,
Switzerland,Obwalden,
Switzerland,Schaffhausen,
Switzerland,Schwyz,
Switzerland,Solothurn,
Switzerland,St. Gallen,
Switzerland,Thurgau,
Switzerland,Ticino,
Switzerland,Uri,
Switzerland,Valais,
Switzerland,Vaud,
Switzerland,Zug,
Switzerland,Zürich,
Syria,Al-Hasakah,
Syria,Al-Raqqah,
Syria,Aleppo,
Syria,As-Suwayda,
Syria,Damascus,
Syria,Daraa,
Syria,Deir ez-Zor,
Syria,Hama,
Syria,Homs,
Syria,Idlib,
Syria,Latakia,
Syria,Quneitra,
Syria,Rif Dimashq,
Syria,Tartus,
Taiwan,Changhua,
Taiwan,Chiayi,
Taiwan,Chiayi,
Taiwan,Hsinchu,
Taiwan,Hsinchu,
Taiwan,Hualien,
Taiwan,Kaohsiung,
Taiwan,Keelung,
Taiwan,Kinmen,
Taiwan,Lienchiang,
Taiwan,Miaoli,
Taiwan,Nantou,
Taiwan,New Taipei,
Taiwan,Penghu,
Taiwan,Pingtung,
Taiwan,Taichung,
Taiwan,Tainan,
Taiwan,Taipei,
Taiwan,Taitung,
Taiwan,Taoyuan,
Taiwan,Yilan,
Taiwan,Yunlin,
Tajikistan,Gorno-Badakhshan,
Tajikistan,Khatlon,
Tajikistan,Nohiyahoi Tobei Jumhurí ,
Tajikistan,Sughd ,
Tanzania,Arusha,
Tanzania,Dar es Salaam,
Tanzania,Dodoma,
Tanzania,Geita,
Tanzania,Iringa,
Tanzania,Kagera,
Tanzania,Katavi,
Tanzania,Kigoma,
Tanzania,Kilimanjaro,
Tanzania,Lindi,
Tanzania,Manyara,
Tanzania,Mara,
Tanzania,Mbeya,
Tanzania,Morogoro,
Tanzania,Mtwara,
Tanzania,Mwanza,
Tanzania,Njombe,
Tanzania,Pemba North,
Tanzania,Pemba South,
Tanzania,Pwani,
Tanzania,Rukwa,
Tanzania,Ruvuma,
Tanzania,Shinyanga,
Tanzania,Simiyu,
Tanzania,Singida,
Tanzania,Songwe,
Tanzania,Tabora,
Tanzania,Tanga,
Tanzania,Zanzibar North,
Tanzania,Zanzibar South,
Tanzania,Zanzibar West,
Thailand,Amnat Charoen,
Thailand,Ang Thong,
Thailand,Bangkok,
Thailand,Bueng Kan,
Thailand,Buri Ram,
Thailand,Chachoengsao,
Thailand,Chai Nat,
Thailand,Chaiyaphum,
Thailand,Chanthaburi,
Thailand,Chiang Mai,
Thailand,Chiang Rai,
Thailand,Chon Buri,
Thailand,Chumphon,
Thailand,Kalasin,
Thailand,Kamphaeng Phet,
Thailand,Kanchanaburi,
Thailand,Khon Kaen,
Thailand,Krabi,
Thailand,Lampang,
Thailand,Lamphun,
Thailand,Loei,
Thailand,Lop Buri,
Thailand,Mae Hong Son,
Thailand,Maha Sarakham,
Thailand,Mukdahan,
Thailand,Nakhon Nayok,
Thailand,Nakhon Pathom,
Thailand,Nakhon Phanom,
Thailand,Nakhon Ratchasima,
Thailand,Nakhon Sawan,
Thailand,Nakhon Si Thammarat,
Thailand,Nan,
Thailand,Narathiwat,
Thailand,Nong Bua Lam Phu,
Thailand,Nong Khai,
Thailand,Nonthaburi,
Thailand,Pathum Thani,
Thailand,Pattani,
Thailand,Pattaya,
Thailand,Phangnga,
Thailand,Phatthalung,
Thailand,Phayao,
Thailand,Phetchabun,
Thailand,Phetchaburi,
Thailand,Phichit,
Thailand,Phitsanulok,
Thailand,Phra Nakhon Si Ayutthaya,
Thailand,Phrae,
Thailand,Phuket,
Thailand,Prachin Buri,
Thailand,Prachuap Khiri Khan,
Thailand,Ranong,
Thailand,Ratchaburi,
Thailand,Rayong,
Thailand,Roi Et,
Thailand,Sa Kaeo,
Thailand,Sakon Nakhon,
Thailand,Samut Prakan,
Thailand,Samut Sakhon,
Thailand,Samut Songkhram,
Thailand,Saraburi,
Thailand,Satun,
Thailand,Si Sa Ket,
Thailand,Sing Buri,
Thailand,Songkhla,
Thailand,Sukhothai,
Thailand,Suphan Buri,
Thailand,Surat Thani,
Thailand,Surin,
Thailand,Tak,
Thailand,Trang,
Thailand,Trat,
Thailand,Ubon Ratchathani,
Thailand,Udon Thani,
Thailand,Uthai Thani,
Thailand,Uttaradit,
Thailand,Yala,
Thailand,Yasothon,
The Bahamas,Acklins,
The Bahamas,Acklins and Crooked Islands,
The Bahamas,Berry Islands,
The Bahamas,Bimini,
The Bahamas,Black Point,
The Bahamas,Cat Island,
The Bahamas,Central Abaco,
The Bahamas,Central Andros,
The Bahamas,Central Eleuthera,
The Bahamas,Crooked Island,
The Bahamas,East Grand Bahama,
The Bahamas,Exuma,
The Bahamas,Freeport,
The Bahamas,Fresh Creek,
The Bahamas,Governor's Harbour,
The Bahamas,Grand Cay,
The Bahamas,Green Turtle Cay,
The Bahamas,Harbour Island,
The Bahamas,High Rock,
The Bahamas,Hope Town,
The Bahamas,Inagua,
The Bahamas,Kemps Bay,
The Bahamas,Long Island,
The Bahamas,Mangrove Cay,
The Bahamas,Marsh Harbour,
The Bahamas,Mayaguana,
The Bahamas,New Providence,
The Bahamas,Nichollstown and Berry Islands,
The Bahamas,North Abaco,
The Bahamas,North Andros,
The Bahamas,North Eleuthera,
The Bahamas,Ragged Island,
The Bahamas,Rock Sound,
The Bahamas,Rum Cay,
The Bahamas,San Salvador and Rum Cay,
The Bahamas,San Salvador Island,
The Bahamas,Sandy Point,
The Bahamas,South Abaco,
The Bahamas,South Andros,
The Bahamas,South Eleuthera,
The Bahamas,Spanish Wells,
The Bahamas,West Grand Bahama,
The Gambia ,Banjul,
The Gambia ,Central River,
The Gambia ,Lower River,
The Gambia ,North Bank,
The Gambia ,Upper River,
The Gambia ,West Coast,
Timor-Leste,Aileu,
Timor-Leste,Ainaro,
Timor-Leste,Baucau,
Timor-Leste,Bobonaro,
Timor-Leste,Cova Lima,
Timor-Leste,Dili,
Timor-Leste,Ermera,
Timor-Leste,Lautém,
Timor-Leste,Liquiçá,
Timor-Leste,Manatuto,
Timor-Leste,Manufahi,
Timor-Leste,Viqueque,
Togo,Centrale,
Togo,Kara,
Togo,Maritime,
Togo,Plateaux,
Togo,Savanes,
Tonga,Haʻapai,
Tonga,ʻEua,
Tonga,Niuas,
Tonga,Tongatapu,
Tonga,Vavaʻu,
Trinidad and Tobago,Arima,
Trinidad and Tobago,Chaguanas,
Trinidad and Tobago,Couva-Tabaquite-Talparo,
Trinidad and Tobago,Diego Martin,
Trinidad and Tobago,Eastern Tobago,
Trinidad and Tobago,Penal-Debe,
Trinidad and Tobago,Point Fortin,
Trinidad and Tobago,Port of Spain,
Trinidad and Tobago,Princes Town,
Trinidad and Tobago,Rio Claro-Mayaro,
Trinidad and Tobago,San Fernando,
Trinidad and Tobago,San Juan-Laventille,
Trinidad and Tobago,Sangre Grande,
Trinidad and Tobago,Siparia,
Trinidad and Tobago,Tunapuna-Piarco,
Trinidad and Tobago,Western Tobago,
Tunisia,Ariana,
Tunisia,Béja,
Tunisia,Ben Arous,
Tunisia,Bizerte,
Tunisia,Gabès,
Tunisia,Gafsa,
Tunisia,Jendouba,
Tunisia,Kairouan,
Tunisia,Kasserine,
Tunisia,Kebili,
Tunisia,Kef,
Tunisia,Mahdia,
Tunisia,Manouba,
Tunisia,Medenine,
Tunisia,Monastir,
Tunisia,Nabeul,
Tunisia,Sfax,
Tunisia,Sidi Bouzid,
Tunisia,Siliana,
Tunisia,Sousse,
Tunisia,Tataouine,
Tunisia,Tozeur,
Tunisia,Tunis,
Tunisia,Zaghouan,
Turkey,Adana,
Turkey,Adıyaman,
Turkey,Afyonkarahisar,
Turkey,Ağrı,
Turkey,Aksaray,
Turkey,Amasya,
Turkey,Ankara,
Turkey,Antalya,
Turkey,Ardahan,
Turkey,Artvin,
Turkey,Aydın,
Turkey,Balıkesir,
Turkey,Bartın,
Turkey,Batman,
Turkey,Bayburt,
Turkey,Bilecik,
Turkey,Bingöl,
Turkey,Bitlis,
Turkey,Bolu,
Turkey,Burdur,
Turkey,Bursa,
Turkey,Çanakkale,
Turkey,Çankırı,
Turkey,Çorum,
Turkey,Denizli,
Turkey,Diyarbakır,
Turkey,Düzce,
Turkey,Edirne,
Turkey,Elazığ,
Turkey,Erzincan,
Turkey,Erzurum,
Turkey,Eskişehir,
Turkey,Gaziantep,
Turkey,Giresun,
Turkey,Gümüşhane,
Turkey,Hakkâri,
Turkey,Hatay,
Turkey,Iğdır,
Turkey,Isparta,
Turkey,İstanbul,
Turkey,İzmir,
Turkey,Kahramanmaraş,
Turkey,Karabük,
Turkey,Karaman,
Turkey,Kars,
Turkey,Kastamonu,
Turkey,Kayseri,
Turkey,Kilis,
Turkey,Kırıkkale,
Turkey,Kırklareli,
Turkey,Kırşehir,
Turkey,Kocaeli,
Turkey,Konya,
Turkey,Kütahya,
Turkey,Malatya,
Turkey,Manisa,
Turkey,Mardin,
Turkey,Mersin,
Turkey,Muğla,
Turkey,Muş,
Turkey,Nevşehir,
Turkey,Niğde,
Turkey,Ordu,
Turkey,Osmaniye,
Turkey,Rize,
Turkey,Sakarya,
Turkey,Samsun,
Turkey,Şanlıurfa,
Turkey,Siirt,
Turkey,Sinop,
Turkey,Sivas,
Turkey,Şırnak,
Turkey,Tekirdağ,
Turkey,Tokat,
Turkey,Trabzon,
Turkey,Tunceli,
Turkey,Uşak,
Turkey,Van,
Turkey,Yalova,
Turkey,Yozgat,
Turkey,Zonguldak,
Turkmenistan,Ahal,
Turkmenistan,Ashgabat,
Turkmenistan,Balkan,
Turkmenistan,Daşoguz,
Turkmenistan,Lebap,
Turkmenistan,Mary,
Tuvalu,Funafuti,
Tuvalu,Nanumanga,
Tuvalu,Nanumea,
Tuvalu,Niutao Island Council,
Tuvalu,Nui,
Tuvalu,Nukufetau,
Tuvalu,Nukulaelae,
Tuvalu,Vaitupu,
Uganda,Abim,
Uganda,Adjumani,
Uganda,Agago,
Uganda,Alebtong,
Uganda,Amolatar,
Uganda,Amudat,
Uganda,Amuria,
Uganda,Amuru,
Uganda,Apac,
Uganda,Arua,
Uganda,Budaka,
Uganda,Bududa,
Uganda,Bugiri,
Uganda,Buhweju,
Uganda,Buikwe,
Uganda,Bukedea,
Uganda,Bukomansimbi,
Uganda,Bukwo,
Uganda,Bulambuli,
Uganda,Buliisa,
Uganda,Bundibugyo,
Uganda,Bunyangabu,
Uganda,Bushenyi,
Uganda,Busia,
Uganda,Butaleja,
Uganda,Butambala,
Uganda,Butebo,
Uganda,Buvuma,
Uganda,Buyende,
Uganda,Central,
Uganda,Dokolo,
Uganda,Eastern,
Uganda,Gomba,
Uganda,Gulu,
Uganda,Ibanda,
Uganda,Iganga,
Uganda,Isingiro,
Uganda,Jinja,
Uganda,Kaabong,
Uganda,Kabale,
Uganda,Kabarole,
Uganda,Kaberamaido,
Uganda,Kagadi,
Uganda,Kakumiro,
Uganda,Kalangala,
Uganda,Kaliro,
Uganda,Kalungu,
Uganda,Kampala,
Uganda,Kamuli,
Uganda,Kamwenge,
Uganda,Kanungu,
Uganda,Kapchorwa,
Uganda,Kasese,
Uganda,Katakwi,
Uganda,Kayunga,
Uganda,Kibaale,
Uganda,Kiboga,
Uganda,Kibuku,
Uganda,Kiruhura,
Uganda,Kiryandongo,
Uganda,Kisoro,
Uganda,Kitgum,
Uganda,Koboko,
Uganda,Kole,
Uganda,Kotido,
Uganda,Kumi,
Uganda,Kween,
Uganda,Kyankwanzi,
Uganda,Kyegegwa,
Uganda,Kyenjojo,
Uganda,Kyotera,
Uganda,Lamwo,
Uganda,Lira,
Uganda,Luuka,
Uganda,Luwero,
Uganda,Lwengo,
Uganda,Lyantonde,
Uganda,Manafwa,
Uganda,Maracha,
Uganda,Masaka,
Uganda,Masindi,
Uganda,Mayuge,
Uganda,Mbale,
Uganda,Mbarara,
Uganda,Mitooma,
Uganda,Mityana,
Uganda,Moroto,
Uganda,Moyo,
Uganda,Mpigi,
Uganda,Mubende,
Uganda,Mukono,
Uganda,Nakapiripirit,
Uganda,Nakaseke,
Uganda,Nakasongola,
Uganda,Namayingo,
Uganda,Namisindwa,
Uganda,Namutumba,
Uganda,Napak,
Uganda,Nebbi,
Uganda,Ngora,
Uganda,Northern,
Uganda,Ntoroko,
Uganda,Ntungamo,
Uganda,Nwoya,
Uganda,Omoro,
Uganda,Otuke,
Uganda,Oyam,
Uganda,Pader,
Uganda,Pakwach,
Uganda,Pallisa,
Uganda,Rakai,
Uganda,Rubanda,
Uganda,Rubirizi,
Uganda,Rukiga,
Uganda,Rukungiri,
Uganda,Sembabule,
Uganda,Serere,
Uganda,Sheema,
Uganda,Sironko,
Uganda,Soroti,
Uganda,Tororo,
Uganda,Wakiso,
Uganda,Western,
Uganda,Yumbe,
Uganda,Zombo,
Ukraine,Autonomous Republic of Crimea,
Ukraine,Cherkaska oblast,
Ukraine,Chernihivska oblast,
Ukraine,Chernivetska oblast,
Ukraine,Dnipropetrovska oblast,
Ukraine,Donetska oblast,
Ukraine,Ivano-Frankivska oblast,
Ukraine,Kharkivska oblast,
Ukraine,Khersonska oblast,
Ukraine,Khmelnytska oblast,
Ukraine,Kirovohradska oblast,
Ukraine,Kyiv,
Ukraine,Kyivska oblast,
Ukraine,Luhanska oblast,
Ukraine,Lvivska oblast,
Ukraine,Mykolaivska oblast,
Ukraine,Odeska oblast,
Ukraine,Poltavska oblast,
Ukraine,Rivnenska oblast,
Ukraine,Sevastopol,
Ukraine,Sumska oblast,
Ukraine,Ternopilska oblast,
Ukraine,Vinnytska oblast,
Ukraine,Volynska oblast,
Ukraine,Zakarpatska Oblast,
Ukraine,Zaporizka oblast,
Ukraine,Zhytomyrska oblast,
United Arab Emirates,Abu Dhabi,
United Arab Emirates,Ajman,
United Arab Emirates,Dubai,
United Arab Emirates,Fujairah,
United Arab Emirates,Ras al-Khaimah,
United Arab Emirates,Sharjah,
United Arab Emirates,Umm al-Quwain,
United Kingdom,Aberdeen,
United Kingdom,Aberdeenshire,
United Kingdom,Angus,
United Kingdom,Antrim,
United Kingdom,Antrim and Newtownabbey,
United Kingdom,Ards,
United Kingdom,Ards and North Down,
United Kingdom,Argyll and Bute,
United Kingdom,Armagh,
United Kingdom,"Armagh, Banbridge and Craigavon",
United Kingdom,Ascension Island,
United Kingdom,Ballymena,
United Kingdom,Ballymoney,
United Kingdom,Banbridge,
United Kingdom,Barking and Dagenham,
United Kingdom,Barnet,
United Kingdom,Barnsley,
United Kingdom,Bath and North East Somerset,
United Kingdom,Bedford,
United Kingdom,Belfast,
United Kingdom,Bexley,
United Kingdom,Birmingham,
United Kingdom,Blackburn with Darwen,
United Kingdom,Blackpool,
United Kingdom,Blaenau Gwent,
United Kingdom,Bolton,
United Kingdom,Bournemouth,
United Kingdom,Bracknell Forest,
United Kingdom,Bradford,
United Kingdom,Brent,
United Kingdom,Bridgend,
United Kingdom,Brighton and Hove,
United Kingdom,Bristol,
United Kingdom,Bromley,
United Kingdom,Buckinghamshire,
United Kingdom,Bury,
United Kingdom,Caerphilly,
United Kingdom,Calderdale,
United Kingdom,Cambridgeshire,
United Kingdom,Camden,
United Kingdom,Cardiff,
United Kingdom,Carmarthenshire,
United Kingdom,Carrickfergus,
United Kingdom,Castlereagh,
United Kingdom,Causeway Coast and Glens,
United Kingdom,Central Bedfordshire,
United Kingdom,Ceredigion,
United Kingdom,Cheshire East,
United Kingdom,Cheshire West and Chester,
United Kingdom,City of Kingston upon Hull,
United Kingdom,City of Southampton,
United Kingdom,Clackmannanshire,
United Kingdom,Coleraine,
United Kingdom,Conwy,
United Kingdom,Cookstown,
United Kingdom,Cornwall,
United Kingdom,Coventry,
United Kingdom,Craigavon,
United Kingdom,Croydon,
United Kingdom,Cumbria,
United Kingdom,Darlington,
United Kingdom,Denbighshire,
United Kingdom,Derby,
United Kingdom,Derbyshire,
United Kingdom,Derry,
United Kingdom,Derry City and Strabane,
United Kingdom,Devon,
United Kingdom,Doncaster,
United Kingdom,Dorset,
United Kingdom,Down District Council,
United Kingdom,Dudley,
United Kingdom,Dumfries and Galloway,
United Kingdom,Dundee,
United Kingdom,Dungannon and South Tyrone,
United Kingdom,Durham,
United Kingdom,Ealing,
United Kingdom,East Ayrshire,
United Kingdom,East Dunbartonshire,
United Kingdom,East Lothian,
United Kingdom,East Renfrewshire,
United Kingdom,East Riding of Yorkshire,
United Kingdom,East Sussex,
United Kingdom,Edinburgh,
United Kingdom,Enfield,
United Kingdom,England,
United Kingdom,Essex,
United Kingdom,Falkirk,
United Kingdom,Fermanagh,
United Kingdom,Fermanagh and Omagh,
United Kingdom,Fife,
United Kingdom,Flintshire,
United Kingdom,Gateshead,
United Kingdom,Glasgow,
United Kingdom,Gloucestershire,
United Kingdom,Greenwich,
United Kingdom,Gwynedd,
United Kingdom,Hackney,
United Kingdom,Halton,
United Kingdom,Hammersmith and Fulham,
United Kingdom,Hampshire,
United Kingdom,Haringey,
United Kingdom,Harrow,
United Kingdom,Hartlepool,
United Kingdom,Havering,
United Kingdom,Herefordshire,
United Kingdom,Hertfordshire,
United Kingdom,Highland,
United Kingdom,Hillingdon,
United Kingdom,Hounslow,
United Kingdom,Inverclyde,
United Kingdom,Isle of Wight,
United Kingdom,Isles of Scilly,
United Kingdom,Islington,
United Kingdom,Kensington and Chelsea,
United Kingdom,Kent,
United Kingdom,Kingston upon Thames,
United Kingdom,Kirklees,
United Kingdom,Knowsley,
United Kingdom,Lambeth,
United Kingdom,Lancashire,
United Kingdom,Larne,
United Kingdom,Leeds,
United Kingdom,Leicester,
United Kingdom,Leicestershire,
United Kingdom,Lewisham,
United Kingdom,Limavady,
United Kingdom,Lincolnshire,
United Kingdom,Lisburn,
United Kingdom,Lisburn and Castlereagh,
United Kingdom,Liverpool,
United Kingdom,London,
United Kingdom,Magherafelt,
United Kingdom,Manchester,
United Kingdom,Medway,
United Kingdom,Merthyr Tydfil,
United Kingdom,Merton,
United Kingdom,Mid and East Antrim,
United Kingdom,Mid Ulster,
United Kingdom,Middlesbrough,
United Kingdom,Midlothian,
United Kingdom,Milton Keynes,
United Kingdom,Monmouthshire,
United Kingdom,Moray,
United Kingdom,Moyle,
United Kingdom,Neath Port Talbot,
United Kingdom,Newcastle upon Tyne,
United Kingdom,Newham,
United Kingdom,Newport,
United Kingdom,Newry and Mourne,
United Kingdom,"Newry, Mourne and Down",
United Kingdom,Newtownabbey,
United Kingdom,Norfolk,
United Kingdom,North Ayrshire,
United Kingdom,North Down,
United Kingdom,North East Lincolnshire,
United Kingdom,North Lanarkshire,
United Kingdom,North Lincolnshire,
United Kingdom,North Somerset,
United Kingdom,North Tyneside,
United Kingdom,North Yorkshire,
United Kingdom,Northamptonshire,
United Kingdom,Northern Ireland,
United Kingdom,Northumberland,
United Kingdom,Nottingham,
United Kingdom,Nottinghamshire,
United Kingdom,Oldham,
United Kingdom,Omagh,
United Kingdom,Orkney Islands,
United Kingdom,Outer Hebrides,
United Kingdom,Oxfordshire,
United Kingdom,Pembrokeshire,
United Kingdom,Perth and Kinross,
United Kingdom,Peterborough,
United Kingdom,Plymouth,
United Kingdom,Poole,
United Kingdom,Portsmouth,
United Kingdom,Powys,
United Kingdom,Reading,
United Kingdom,Redbridge,
United Kingdom,Redcar and Cleveland,
United Kingdom,Renfrewshire,
United Kingdom,Rhondda Cynon Taf,
United Kingdom,Richmond upon Thames,
United Kingdom,Rochdale,
United Kingdom,Rotherham,
United Kingdom,Rutland,
United Kingdom,Saint Helena,
United Kingdom,Salford,
United Kingdom,Sandwell,
United Kingdom,Scotland,
United Kingdom,Scottish Borders,
United Kingdom,Sefton,
United Kingdom,Sheffield,
United Kingdom,Shetland Islands,
United Kingdom,Shropshire,
United Kingdom,Slough,
United Kingdom,Solihull,
United Kingdom,Somerset,
United Kingdom,South Ayrshire,
United Kingdom,South Gloucestershire,
United Kingdom,South Lanarkshire,
United Kingdom,South Tyneside,
United Kingdom,Southend-on-Sea,
United Kingdom,Southwark,
United Kingdom,St Helens,
United Kingdom,Staffordshire,
United Kingdom,Stirling,
United Kingdom,Stockport,
United Kingdom,Stockton-on-Tees,
United Kingdom,Stoke-on-Trent,
United Kingdom,Strabane,
United Kingdom,Suffolk,
United Kingdom,Sunderland,
United Kingdom,Surrey,
United Kingdom,Sutton,
United Kingdom,Swansea,
United Kingdom,Swindon,
United Kingdom,Tameside,
United Kingdom,Telford and Wrekin,
United Kingdom,Thurrock,
United Kingdom,Torbay,
United Kingdom,Torfaen,
United Kingdom,Tower Hamlets,
United Kingdom,Trafford,
United Kingdom,United Kingdom,
United Kingdom,Vale of Glamorgan,
United Kingdom,Wakefield,
United Kingdom,Wales,
United Kingdom,Walsall,
United Kingdom,Waltham Forest,
United Kingdom,Wandsworth,
United Kingdom,Warrington,
United Kingdom,Warwickshire,
United Kingdom,West Berkshire,
United Kingdom,West Dunbartonshire,
United Kingdom,West Lothian,
United Kingdom,West Sussex,
United Kingdom,Westminster,
United Kingdom,Wigan,
United Kingdom,Wiltshire,
United Kingdom,Windsor and Maidenhead,
United Kingdom,Wirral,
United Kingdom,Wokingham,
United Kingdom,Wolverhampton,
United Kingdom,Worcestershire,
United Kingdom,Wrexham,
United Kingdom,York,
United States,Alabama,
United States,Alaska,
United States,American Samoa,
United States,Arizona,
United States,Arkansas,
United States,Baker Island,
United States,California,
United States,Colorado,
United States,Connecticut,
United States,Delaware,
United States,District of Columbia,
United States,Florida,
United States,Georgia,
United States,Guam,
United States,Hawaii,
United States,Howland Island,
United States,Idaho,
United States,Illinois,
United States,Indiana,
United States,Iowa,
United States,Jarvis Island,
United States,Johnston Atoll,
United States,Kansas,
United States,Kentucky,
United States,Kingman Reef,
United States,Louisiana,
United States,Maine,
United States,Maryland,
United States,Massachusetts,
United States,Michigan,
United States,Midway Atoll,
United States,Minnesota,
United States,Mississippi,
United States,Missouri,
United States,Montana,
United States,Navassa Island,
United States,Nebraska,
United States,Nevada,
United States,New Hampshire,
United States,New Jersey,
United States,New Mexico,
United States,New York,
United States,North Carolina,
United States,North Dakota,
United States,Northern Mariana Islands,
United States,Ohio,
United States,Oklahoma,
United States,Oregon,
United States,Palmyra Atoll,
United States,Pennsylvania,
United States,Puerto Rico,
United States,Rhode Island,
United States,South Carolina,
United States,South Dakota,
United States,Tennessee,
United States,Texas,
United States,United States Minor Outlying Islands,
United States,United States Virgin Islands,
United States,Utah,
United States,Vermont,
United States,Virginia,
United States,Wake Island,
United States,Washington,
United States,West Virginia,
United States,Wisconsin,
United States,Wyoming,
United States Minor Outlying Islands,Baker Island,
United States Minor Outlying Islands,Howland Island,
United States Minor Outlying Islands,Jarvis Island,
United States Minor Outlying Islands,Johnston Atoll,
United States Minor Outlying Islands,Kingman Reef,
United States Minor Outlying Islands,Midway Islands,
United States Minor Outlying Islands,Navassa Island,
United States Minor Outlying Islands,Palmyra Atoll,
United States Minor Outlying Islands,Wake Island,
Uruguay,Artigas,
Uruguay,Canelones,
Uruguay,Cerro Largo,
Uruguay,Colonia,
Uruguay,Durazno,
Uruguay,Flores,
Uruguay,Florida,
Uruguay,Lavalleja,
Uruguay,Maldonado,
Uruguay,Montevideo,
Uruguay,Paysandú,
Uruguay,Río Negro,
Uruguay,Rivera,
Uruguay,Rocha,
Uruguay,Salto,
Uruguay,San José,
Uruguay,Soriano,
Uruguay,Tacuarembó,
Uruguay,Treinta y Tres,
Uzbekistan,Andijan,
Uzbekistan,Bukhara,
Uzbekistan,Fergana,
Uzbekistan,Jizzakh,
Uzbekistan,Karakalpakstan,
Uzbekistan,Namangan,
Uzbekistan,Navoiy,
Uzbekistan,Qashqadaryo,
Uzbekistan,Samarqand,
Uzbekistan,Sirdaryo,
Uzbekistan,Surxondaryo,
Uzbekistan,Tashkent,
Uzbekistan,Tashkent,
Uzbekistan,Xorazm,
Vanuatu,Malampa,
Vanuatu,Penama,
Vanuatu,Sanma,
Vanuatu,Shefa,
Vanuatu,Tafea,
Vanuatu,Torba,
Venezuela,Amazonas,
Venezuela,Anzoátegui,
Venezuela,Apure,
Venezuela,Aragua,
Venezuela,Barinas,
Venezuela,Bolívar,
Venezuela,Carabobo,
Venezuela,Cojedes,
Venezuela,Delta Amacuro,
Venezuela,Distrito Capital,
Venezuela,Falcón,
Venezuela,Guárico,
Venezuela,La Guaira,
Venezuela,Lara,
Venezuela,Mérida,
Venezuela,Miranda,
Venezuela,Monagas,
Venezuela,Nueva Esparta,
Venezuela,Portuguesa,
Venezuela,Sucre,
Venezuela,Táchira,
Venezuela,Trujillo,
Venezuela,Venezuela,
Venezuela,Yaracuy,
Venezuela,Zulia,
Vietnam,An Giang,
Vietnam,Bà Rịa-Vũng Tàu,
Vietnam,Bắc Giang,
Vietnam,Bắc Kạn,
Vietnam,Bạc Liêu,
Vietnam,Bắc Ninh,
Vietnam,Bến Tre,
Vietnam,Bình Dương,
Vietnam,Bình Định,
Vietnam,Bình Phước,
Vietnam,Bình Thuận,
Vietnam,Cà Mau,
Vietnam,Cần Thơ,
Vietnam,Cao Bằng,
Vietnam,Đà Nẵng,
Vietnam,Đắk Lắk,
Vietnam,Đắk Nông,
Vietnam,Điện Biên,
Vietnam,Đồng Nai,
Vietnam,Đồng Tháp,
Vietnam,Gia Lai,
Vietnam,Hà Giang,
Vietnam,Hà Nam,
Vietnam,Hà Nội,
Vietnam,Hà Tĩnh,
Vietnam,Hải Dương,
Vietnam,Hải Phòng,
Vietnam,Hậu Giang,
Vietnam,Hồ Chí Minh,
Vietnam,Hòa Bình,
Vietnam,Hưng Yên,
Vietnam,Khánh Hòa,
Vietnam,Kiên Giang,
Vietnam,Kon Tum,
Vietnam,Lai Châu,
Vietnam,Lâm Đồng,
Vietnam,Lạng Sơn,
Vietnam,Lào Cai,
Vietnam,Long An,
Vietnam,Nam Định,
Vietnam,Nghệ An,
Vietnam,Ninh Bình,
Vietnam,Ninh Thuận,
Vietnam,Phú Thọ,
Vietnam,Phú Yên,
Vietnam,Quảng Bình,
Vietnam,Quảng Nam,
Vietnam,Quảng Ngãi,
Vietnam,Quảng Ninh,
Vietnam,Quảng Trị,
Vietnam,Sóc Trăng,
Vietnam,Sơn La,
Vietnam,Tây Ninh,
Vietnam,Thái Bình,
Vietnam,Thái Nguyên,
Vietnam,Thanh Hóa,
Vietnam,Thừa Thiên-Huế,
Vietnam,Tiền Giang,
Vietnam,Trà Vinh,
Vietnam,Tuyên Quang,
Vietnam,Vĩnh Long,
Vietnam,Vĩnh Phúc,
Vietnam,Yên Bái,
Virgin Islands (US),Saint Croix,
Virgin Islands (US),Saint John,
Virgin Islands (US),Saint Thomas,
Yemen,'Adan,
Yemen,'Amran,
Yemen,Abyan,
Yemen,Al Bayda',
Yemen,Al Hudaydah,
Yemen,Al Jawf,
Yemen,Al Mahrah,
Yemen,Al Mahwit,
Yemen,Amanat Al Asimah,
Yemen,Dhamar,
Yemen,Hadhramaut,
Yemen,Hajjah,
Yemen,Ibb,
Yemen,Lahij,
Yemen,Ma'rib,
Yemen,Raymah,
Yemen,Saada,
Yemen,Sana'a,
Yemen,Shabwah,
Yemen,Socotra,
Yemen,Ta'izz,
Zambia,Central,
Zambia,Copperbelt,
Zambia,Eastern,
Zambia,Luapula,
Zambia,Lusaka,
Zambia,Muchinga,
Zambia,Northern,
Zambia,Northwestern,
Zambia,Southern,
Zambia,Western,
Zimbabwe,Bulawayo,
Zimbabwe,Harare,
Zimbabwe,Manicaland,
Zimbabwe,Mashonaland Central,
Zimbabwe,Mashonaland East,
Zimbabwe,Mashonaland West,
Zimbabwe,Masvingo,
Zimbabwe,Matabeleland North,
Zimbabwe,Matabeleland South,
Zimbabwe,Midlands,
